Station_ID,Longitude,Latitude,Elevation
NZI303NL5iVqOCxZKCfCYQ,-122.393322239596,37.778613006412,6.494008541
cAaJQI_clNuEl5PRmrabGA,-122.483662,37.782214,41.218372345
y8mGQTwmFaSu3d7dAywOHA,-122.419008,37.759859,13.333058357
nS2WlSB9oTM1FZjM_-hcOA,-122.3990620884164,37.7835036,7.937962055
kd4Xqgpkkv5vftm2ayCWrA,-122.4735467,37.7804569,51.245468140
-enMUSVmyoEfT6EvaktrLw,-122.419641427696,37.7611236529132,11.318387985
UDVVZaoadX_OIOFxo5fuKg,-122.4163245228204,37.78721077752684,44.045333862
by5pL5x2x7OOmETZgAkMlA,-121.886596,37.335455,25.341100693
Idnv5ocx5KHru7a98mXYIQ,-122.433078,37.797121,23.263715744
a4QUSAFVvTu7Gv0oegzbXQ,-122.25976,37.8753699,100.109191895
c1BdT6faQUUoS6pM8rG30w,-122.408314,37.7765708,5.765913486
sp7ysDBEL_bpi_uzcI8NwA,-122.260418,37.855461,57.756069183
JIzYPVjXaxD2mZebDMbguQ,-122.4164914,37.77710767984573,17.939758301
bvdEOVmFuWUV0sAALc_-zw,-122.395663,37.794959,3.576963186
sIHeT2rJmTmovIUeplZJSw,-122.39816,37.79221,4.101408005
4J7OOaWkSuKk9buCkILN_A,-122.390521690249,37.7363085992944,15.978342056
3jpVir9hClnmFNwZyTB7tw,-122.39129,37.77083,3.532331705
EAiNfgCLPdbgRv3Q4Fwm1w,-122.411033630371,37.7773323059082,9.154683113
ASq-Aq_kmwC5P2LI9kxbiQ,-121.9140861,37.3232599,34.394153595
zyoFf-8A6HYP7hRVZ9wRWg,-122.40508440882,37.7861227527558,13.058073997
NmUaXgGCi4k8AMByVM13dQ,-121.90402520418796,37.34050662548156,23.486724854
myeMXCowUnMGo99TTPeogw,-122.3881765,37.7595199,13.149708748
ltdpjYFkP9HeLGQjosannA,-121.88836897055222,37.33017163319249,28.748468399
U0AD-wyPJtIkgnfFt-ihAw,-122.4232435,37.7772496,20.676219940
3B6dA7thFFGVX5vAF-hCCQ,-122.41828,37.78581,34.332080841
ufIm7isxE9blLhnVJ6EHGQ,-122.398455,37.790814,4.848205090
O19HZS-FXu0sZF8ObQ3meg,-122.40406,37.79656,6.007261753
Z74-TYAK_NerZhVRc5GOGw,-122.42036,37.75834,18.765005112
RE2Uv4XOxnSNL1dc0ShWqQ,-121.88263,37.31894,31.458923340
VOoHZDC-dgDUzTSsmgESOQ,-122.42137,37.75642,22.770450592
qTcZ8QaTAWnrfJA8hiEBEw,-122.2680943,37.87075165438585,57.630840302
NQVqMCoY-Krhw8DY4UnJKw,-122.25735,37.82721,27.479768753
DaWlmMBzxa2DV69OtWEalw,-121.88383,37.33904,24.914178848
wvCklmctxoBMeuw4V23A8g,-122.41928779236518,37.77969137042531,20.546512604
B_DLenGfVaZNuaTypYpC_Q,-122.224958986044,37.7772396057844,13.423016548
0LbY4qWNqM2L58COWoHJbQ,-122.410983,37.77706116986836,9.084073067
qIxR0tmuRNpw6b-JeHdhIw,-121.91607,37.36533,14.637683868
pLC5GzcVrGozUH3yWAaHWA,-122.39889,37.79175,4.350898266
iOASU40hSWkMIB3S-GgxMA,-121.896169781685,37.3383589882464,24.640127182
YLr8XxcQBYsKcKDHwaYnXQ,-122.39323,37.78242,14.704613686
9VdbR9GTXM1T8-Lsic_JcQ,-122.269532,37.808103,8.794133186
8WoHtC0eMLMpur6GtFJvDg,-122.2490015,37.8089908,3.237990141
AkmUD3XOXQYf4wVIHOHStA,-122.26972438395,37.802183216047,13.005550385
dnCpF-MtdvAlFSViWS1w4g,-122.398967392638,37.7837889218999,8.230199814
6IwpW3fT91L-cajTcHt5Fw,-122.41815,37.751337,23.587688446
YQl-Fre0Btv_Vi04-1d2hQ,-122.399952667601,37.7919563924566,4.504883766
waCtJ0DY-Y6J7Btg7WRhdg,-122.405228,37.79584,11.188557625
oQ2M416FwdHc9NRKDeCHng,-122.2546307,37.7993046,4.728398800
23dvbpp8C6eRYev8gxtHxA,-121.942122181989,37.4019867171108,4.715608597
rLkgnC_1qcAeURnN7TLxJA,-122.41555231774186,37.80388470943125,8.938800812
VD527WwvrhE3Nhzf5vaMNw,-122.40851,37.77696,5.914205551
durukkwUUqNmkbNr0D113A,-122.47679,37.78076,45.627445221
fyjf6m5fKCNEwW2Ke7uIyw,-122.3938122888428,37.79599048217752,1.817463756
lJaWXYZwU8uCnn3tCqKwxA,-122.26624,37.86702,58.508499146
O4OpetbWUA0t-3B3uStsYg,-121.883833967149,37.3177699831755,32.679683685
LKEJpr8PqCv5tIVeZD1JPA,-121.876571886241,37.3204304724194,32.308521271
g8jROF1rIyVyqjgd7KWsww,-122.39061,37.77147,3.047601461
kjQneHe83CJ4ObxT2BlM3g,-122.50042,37.76267,30.230442047
j14YYFk2texRwiIICFxDAg,-122.24646,37.81321,4.512077332
KK2_oX8TbDd4BOa0Nunn2w,-122.412787377834,37.8057776391506,4.572083950
olOldyL0jSpDuZE0tELVcw,-122.42051,37.74397,31.546045303
Rd-tfZAKetgGjVDGylcKow,-122.411913587385,37.7697727881987,6.226015568
FIX6Ea02Hx2bO_3z4kj64g,-122.410074,37.775296,7.904993534
h11Hr07ffM-dn-rico0_fA,-122.258125,37.86816,81.707923889
yMPk1rMKNaF5y6aFobW09g,-122.26926,37.87635,70.191574097
Qu6LoTMYDZNNNAPxyEBjog,-122.25914,37.86249,67.158279419
JB0N9VPx5eEBcLd0Sfnnbg,-122.2675944,37.871016,58.499885559
JMVfRgQ-Rz6m3KWx9lFveQ,-122.262391602516,37.8398772799042,37.881336212
oTABH3rIkI1jkYITEUPCeg,-122.4058352992751,37.8085056767709,0.050000001
HP5Ttief-m2pXkm3VI7PTg,-122.26847,37.86977,56.115642548
i2buamQYan4PS97AKB1UnA,-122.39599943161,37.7952880222727,3.606264830
7HHq6MKpWcZqUgwsQaBSZw,-122.41049,37.79976,26.856216431
RD1TvZR3PFO_csdrl7mu4A,-121.8951212,37.3484492,20.474842072
bKfPWcmfszfvQ1CNhvVhlQ,-122.4004457,37.7854527,9.398725510
Ga7TdeTah0EqzQTat8i_2A,-122.3939256,37.782080272960215,11.869381905
VQPtsRVNTFkFptcXDTtIyg,-122.42585,37.77576,23.435836792
Vw0mMLOsMA9fbXarBxgEkA,-122.39188828326937,37.789635131376166,4.731589794
U9zYZCbE0QByLBc0Bpejuw,-122.4665981,37.7725644,74.051734924
QRw-nB06c4ZdDpnZt3uR4A,-122.252578996727,37.8506388293851,64.577049255
oAGewjsrHQpnrmRYi8LVIw,-122.417983369546,37.7767002424281,17.088689804
oCpJB_GNLvVsZ2YP8wu2GA,-122.26976,37.8082,8.770045280
AXZ3VYS0HFDfwj2rugn2LA,-122.412094116211,37.7730445861816,10.179215431
Qg212xDjeaClPSI9Rlfh-g,-122.409296,37.78601,19.312381744
GPsryJRAdYNCRZEtz006dQ,-122.2115526,37.7743999,12.602542877
NGOQ-1gJT6CR7CRFwZTNkA,-122.41754,37.77675,17.001628876
Q_UYTYJJfn_E7XjeZ3tz9Q,-122.2553470086082,37.869945546210595,93.698471069
Y6ASCroICvaVh6yMZZmF5A,-122.395734380948,37.7846609847387,18.051528931
v8pSWO93PB51DajXEfVR-Q,-122.2678804,37.8426207,30.351480484
HCC3Ops6UjN429UGq9Fxgw,-122.272747,37.8715926,51.660713196
AlE1Ky-5yTAStPmry6pUeQ,-122.39339,37.79104,3.572073221
zdA59LC20bPLLiTnknFYJA,-122.39129,37.77083,3.532331705
vUe0a_FSUzpgjvzjdzm4ow,-122.42111,37.75976,16.432907104
qxn3YNqn2n3yhdI4Wh4reg,-122.41806,37.78181,24.432004929
t0hpV_5aoRHeO1JgVe3RLg,-122.385866999307,37.7293535678009,15.893952370
5TustO_W5kGgK43hed2_uw,-121.881813,37.3240395,31.670427322
84Irk5lNFXfWCvLmz2llLg,-122.153708,37.751577,62.706039429
ui1fE2eAfXPPpsB-p3kHjQ,-122.418918,37.75987,13.569971085
zEO6_VcwjjmtHsoaaQKg-w,-122.405549436808,37.7960017591324,10.858130455
biVjmyg4UH5iQrY7Q42v6g,-122.39911169943608,37.79389028637524,3.588136196
FelXl6Q_0Tpt8eytCP8rXg,-121.90095,37.30853,36.943168640
TVgQpHd2wyF9mRKl-MQ_CQ,-122.2660621,37.811296,7.580546379
_8z8K57sti_d5sFfnUuLkQ,-121.881713867188,37.3415565490723,23.972888947
tiSDprSVuesljC8b0aS64A,-122.39863269031,37.7663780003786,4.988745213
_5qJymUwaveMVuvRdtvipA,-122.4780274,37.7540632,105.153533936
qnU16TsePK94mLsRe6t3Yw,-122.393649816513,37.7954363868498,3.141592503
JoU4A0wItwpBr1s-pyiCxg,-122.44617240218504,37.7884289278273,78.768852234
6QJdhuWQvjsujd9VsfIb5Q,-121.89427,37.33607,26.396703720
lWrx_6YJDisGCHSeb1Stjg,-121.88834,37.33031,28.520650864
5rvyNzIminCO4u-hyozv_w,-122.398275956512,37.7863718240192,8.470976830
hfVYUuJRS7Q4rgNVHCB0Rg,-122.24366,37.81059,5.040366173
EUoVqXO1yDyd8tQccVQ8qA,-122.2739401,37.79476451237639,3.935752392
gn5poUrTw5grzKhwNy_3pg,-122.430713846696,37.7851214006584,43.012569427
xVwK6SkuJ_Gu0sIXLBZiIQ,-122.3996495,37.7809844,4.704558849
yQggttyaUGirJrafQkjTTw,-122.262474060059,37.8350601196289,34.198146820
z5FmU8DsccJgK48rVPT7eA,-122.27169,37.80078,12.659522057
guObf4lR-TsRD1IHJni06g,-122.271636962891,37.849494934082,31.568964005
vgiU8UE46jooixi8yk2GAw,-122.42512,37.80209,28.288295746
XzWUVPs5VcCTEVtWYZVYRg,-122.26044,37.87556,98.911003113
J5-QaUiaSk1NRadtUwYvUA,-122.39364643791848,37.789924987394926,4.369551659
ManliNnHGvLSBqB8tHb8xQ,-122.4043121,37.7951393,9.618288994
2a7UbGasie1rawerBiQWOQ,-122.070808410645,37.6349067687988,7.656340599
ogwltUkCmvkpMiu1e8hDOw,-122.26727,37.87201,60.211002350
7UjYrhJ6_ggqkfsp-B9iCA,-122.25007518683,37.8093287909239,3.870109797
AdyFXT7PeSiySYdIFmmlWw,-122.411907834991,37.7739349156166,11.409503937
EThKaZFsEU8QhpBw40gLxQ,-122.40834,37.78625,17.149358749
UYGHRt4d9gq8AG0Sowegzg,-122.292374,37.868586,16.001735687
Zb2wjyKDpNT8OyFkzyZl-A,-122.4670802,37.7638974662094,80.600372314
PgBPvLnZVPFSb9S9V3Q29g,-122.264932,37.812108,8.182016373
yr4JZasH36fAQVF_EgKwNw,-122.243123576045,37.8111165761948,4.876808643
GVeMC0DwURp1Sxjj7svEAA,-122.426782595173,37.7689245785021,36.239345551
0lb5id16XAHEedRd-VX24w,-122.43827,37.77369,58.309776306
dgOM7j47ta8oAjQun6NC_w,-122.427602,37.751624,53.494941711
GaO_9eTPY0bfyI6pKD29gw,-122.38817344499208,37.75970375256861,12.932585716
JSDVnw8RkpY2RDj8bxLyjQ,-122.267439,37.807027,9.079345703
679OXOvmJ5ZAaj9GdMZlHQ,-122.25682,37.82802,28.087604523
XviEqI6pqjXE58B_1WuTNQ,-122.41928779236518,37.77969137042531,20.546512604
Z661e-IOrGuCcvLLe1lS1w,-122.452259015659,37.7691508621399,85.034751892
G1VTpIdPmHxeGMB-OQM5wQ,-122.394416809082,37.794189453125,3.128458738
gxFkGrBFfn4zC6tXjznkxQ,-121.9004393,37.30850017996328,36.656242371
OzFb5aZuA3RGV_YZlxorNg,-122.43206,37.76455,38.428272247
-Rj9GBaekELP3vqjyvLqEQ,-122.40541,37.78917,18.291435242
AdsdpA6dP7t5BrU-_PVziQ,-122.38706039852111,37.768715116054445,3.632323503
9EjQuSlW4g0ssWcz1wYtLA,-122.41239,37.78087,13.524391174
TA0u_BzRvFKX2T8ujW6ozA,-122.38838263971,37.7607059286985,11.537102699
9znPyzc0cS8GHH49R8SUaA,-122.25425,37.86897,98.012184143
dyFA3mioZBBRO2B_VP7IJg,-122.425819396973,37.7396774291992,61.908756256
HsHG5HyR2TmO-6defaKUdQ,-122.480260880859,37.7805182949812,43.336124420
y3I-2zJomIcnfF9MDD_8Ag,-122.402614,37.776582,3.473407030
vKBW6SWFrIYXW1kIOFY_Ng,-122.4183383,37.7862824,36.144599915
XM2yb3jqF01YUx__vARbZw,-122.40091,37.79,8.202409744
0EaJkrXGQVLbcMnM2vs16g,-122.2258109,37.7776643,13.761082649
Hrbhj21RWNKU3lUzXyvr8Q,-122.39094,37.77326,3.077890396
Yb7cibCAku1zztMjiGuQHw,-122.43411,37.7838,40.790760040
mi1kAIEdt5UCNZuWQKzvdQ,-121.900635557078,37.3084919409491,36.998428345
fiMASaLlwho1Y7YMApYMKA,-122.45234,37.76919,84.814750671
6YDYeTJ7VIHwy4xzZctG2A,-121.89995799848,37.3245234432424,29.708639145
cDIllwkkFBGByiaiExkeTg,-122.403244748712,37.7942401170731,5.717204094
q22kIfCuND7shr9vkOmwnQ,-122.39987,37.78579,9.121826172
smceLM-VDB5jkILB6OSSvg,-122.45011,37.76512,93.266387939
_4xgvSsDuGgsyfSOVrneag,-122.38900502624328,37.78274841174951,3.907459021
S4tSn5xFQo2ZgENosts-2g,-122.40117502884723,37.79843942752665,7.213198185
FqGqpCi_Sku865U7pwUEyA,-122.41458,37.80318,9.216904640
LGRP2Q3MeFCVYH_lTYmfrA,-122.2656579,37.8110824,7.747057438
kgsf0puYTAOxOi_bQhla7Q,-122.26821,37.8025,12.558476448
tBDCsJ6PIiVDgDTnsdy2eA,-122.268899,37.879858,76.026794434
CvpIz9x7Ju2gOsgopNOHDw,-122.39988,37.76516,6.630522251
wALPdWdWUccSF4SDQsozxw,-122.4315788,37.7852337,42.050270081
4f8bHCUYwEn_6dLlQxZwGg,-121.916016,37.365367,14.645361900
fV-FyAnmdzJr9gAKtotXiA,-122.4500132,37.7651946,93.138130188
1_uuGyhI9B3pQdAuu9S55Q,-121.894047369607,37.3364271443473,25.806911469
yMrkRXOqWbYeGkzUWck6DQ,-121.88321685791,37.3393440246582,25.070686340
MutHfYUQnieaBuycuNXEPA,-121.851418079178,37.3549620850075,29.004137039
M0-u7lQ88Sdfn0a3ZNBgvQ,-122.26966,37.80356,12.437332153
uFo8L7O6Vz5kjvEirofwkg,-121.91293644840712,37.331958172560434,29.696258545
7bZkCQbgm3x5Czl5uxKNNA,-122.422425225377,37.7415749430656,39.247695923
BxvjGQw3Jx5J23UzSrs2dg,-121.89401664085,37.3493323363192,19.939123154
aY86NFytjreSFHkgfJO-Uw,-122.39386,37.78798,9.907464981
kj4eyek4jCbLe-Hrrwc7kg,-122.40462,37.78644,13.461364746
W_2rcLj-vDAa7tUixhz0eQ,-122.43443447387246,37.73318921123929,56.723037720
pBbMNoVcScmKQCVRzcLCog,-122.25433,37.7943,8.681139946
GLuhmCGyP6g6AQiSanbBPw,-122.24704883,37.812494333,4.044520378
9BMstoaCsPi0oFuOO3FchA,-122.26718,37.80758,7.846640587
FxsEfSC36XImmSgzmQxgGg,-122.3986538,37.7838266,8.422131538
GnJB2Q5CGgYHXGQTNz2TxA,-121.887691,37.33367,26.430032730
E1-Ze0eC07X0G5GhQD-VNQ,-122.4994625,37.775618,54.795852661
VLiv177nAIEvnRjHCFHfsw,-122.392843698568,37.7824763552284,14.589496613
bNvGoxmtRh650vOmKUQCIA,-122.2668445,37.8100334,6.537623882
qXUzHmPdbGEt5EKSdWqbmg,-122.39410980362,37.7961786095916,1.536927938
ICvnd3aLJHs_1tq7N3iK0Q,-122.258782630021,37.866162,74.301574707
SGRmnarrNuVEsAjYdEoA0w,-122.41812,37.75265,22.517177582
o43B4DnnQbvkdDK6AVafQg,-122.411981038749,37.8013699308642,19.257347107
Q3g9zsqgbzRy2W-K7c1nPQ,-122.275967,37.79734,6.534858704
ec7yT7Wc6tQl8nGLUFpmyg,-121.88182,37.3249799,31.503890991
M4hrvI7_NwJ9igOgQBsCiw,-122.43261,37.78595,42.689918518
z8OZJQq2w7aGwv7G2-7vjw,-122.420396,37.760084,14.343654633
x_Y7uKzJich7hQ7HJMwQFg,-122.47568,37.780805,47.566341400
UqTdHGPBx730m5D51EOI6Q,-122.40404,37.78923,15.011929512
fb639mjlUemj52Pg9cYDVQ,-122.24695654,37.8124796,4.035851479
T5rDIxHBtu04GQUSCcjiJA,-122.42167,37.7434,33.181545258
-sioS9ySL8ArfUcRagpw7w,-122.4199908081029,37.78769415494757,44.381713867
ZGAjGYDFBJV1Z0JO2fanKA,-122.42193,37.77255,17.029026031
-HWQXG90gXM_ij0IyfTVzQ,-122.41175,37.76985,6.188925743
17lWSfu2U04ayITamrBaiw,-122.4046757,37.7947615,11.839895248
k0tKfwVlJTzBC_dsbDuHrQ,-122.45427326441909,37.7233579077907,90.837631226
Zr6Ku0ma5v2vmTrsItf2rQ,-122.4036853,37.7798591418522,4.707300663
z7o0x1aY_payWvP4xmhVNQ,-122.409118786454,37.7837931008918,12.391433716
byi344Q9OGrMWBkAr-azlw,-122.4591996,37.7713192,74.753227234
SCqYD2RoSFUPhCbtsfSSOw,-122.22576,37.77839,14.796139717
thVqBq_5MFvlFLU2nCJAWg,-122.422623,37.778154,21.405860901
UNE7QP_zp7oPnyqZcQkZiw,-122.262654751539,37.835159813672,34.196384430
QajaCa7rYHgaQ5TvZD6M-A,-122.4079449,37.7827747,10.792134285
_YzMO3BbDNvVoQ8n0e5CRA,-122.261421203613,37.8113670349121,4.023322582
gR9DTbKCvezQlqvD7_FzPw,-122.399305736113,37.787789124691,6.901437759
DtEkaZ2m1CYeDfo8YqSYsw,-122.268722,37.873138,61.421268463
iyEO5-Yn5W0H1iIh77yUMA,-122.3965398,37.7916968,3.802428246
50zXDc6IqJl7hTho6Xb7bQ,-122.46665,37.76493,79.458908081
0A1JcAan0HzEMxGOOutEaA,-121.884881,37.3385,24.984569550
gqVl3RprESEqkIPeJH0yOg,-122.45015,37.76529,92.973922729
-a0nBR3SyPHfDgTQrVyTvQ,-122.422624,37.742158,36.170150757
d2pGXHPCt4bp2inO6CPBCA,-122.49873,37.7754,54.790363312
Weho8zwF8FjO42RJ7jX8kw,-122.42096601934738,37.7811618910107,25.222003937
lU82jmRniDm7ctosmv63JQ,-121.893371582031,37.2952537536621,41.495269775
2qv3jQh4qTwgvYuTMBUrHw,-122.423893,37.777627,22.133842468
VpftE9Ebok_G--DYR4uoQQ,-122.4009399,37.7904816,7.758311272
Fvn-UN7IQvxlfLBpJdbMUA,-122.404646873474,37.7859531718409,12.518340111
SKGYZG6ZYZcOFFW6s9Yl4w,-122.2527193,37.8259757,31.578626633
mszw6ztbPvtRObgZhxPjrg,-122.27645,37.80612,11.432582855
IiegoE2q773y7-HOFip1YQ,-122.27211,37.80039,12.293320656
xji2vmCj8kqsbA_cvd5hvw,-122.4799839282236,37.7633252984489,67.326385498
XwN8iZohq2qkfM0rPqzDOQ,-122.400815612269,37.7891126754314,9.139340401
0FU4AMHgNcElMtoXg0Li6Q,-122.403236671793,37.7732325286256,5.411236286
mk2WW5bA-0WfQP1Uo17_Sg,-122.399946,37.791478,5.096412659
vxnETXEstgOuKNQ1NzcTFA,-122.26615,37.8117,7.453549862
Md2XGqSljwfkRjHfqLQnCw,-122.3877865,37.7600041,11.592690468
XANvY_2W7MR6YTyR8CGzWQ,-122.42088,37.7563,22.148591995
pz6ZBudGnhai25MQLFNJDA,-122.42324,37.77698,20.344202042
abnJEYhVcaeetfqWHQtXAg,-122.29355,37.84101,4.014022350
cWXWnnQvtBvKWz8CLylJtA,-122.2555499,37.8087653,7.103951931
PqeHQAMWUWzyL8qsmHltoQ,-122.408723160625,37.7863779183055,18.738153458
9CRgkumAyVRAEmIlQ4h_EQ,-122.406228636862,37.7818636511583,8.679469109
uxsyxN9uJZoZ5jobVBM3sg,-122.401206448507,37.790101117441,8.845318794
wIhtFlx1DdDvYH0fjUAtkg,-122.25976,37.8753699,100.109191895
UBSuECrkskseP_rHmx1FQw,-122.3900866,37.7370713,13.869245529
LP6NBMIa3dxinjgtOxMEZg,-122.27053,37.85004,33.525722504
2XAdzOdUGWh9dFqFuyUHog,-121.8979874,37.3148117,34.623016357
Wgq1EQry0k7XRFOpZYxQiw,-122.265328,37.826827,22.709144592
SD8HVy8Ny3NNQxA92n3Qiw,-122.2717025,37.8004548,12.301050186
vvX2j62EWuswggM0LXG0jg,-122.253387,37.857744,76.072952271
zLFm9ALp2k7DM-0FXytR9Q,-122.27039337158205,37.869049072265625,52.477752686
evh7Bqhk37kSqPImCRmRog,-122.387569818546,37.7598374890647,11.276569366
m66c95UUDq8nWKZjrXNwyA,-122.2514,37.84381,54.670051575
6D4WOP8oRQQQDlqqn71CCg,-121.8877182,37.33675,25.099519730
PlcDyo--Wq-fLSPvmaKb5Q,-122.26650586,37.80663085,8.612790108
w6igEjgmagwHKGnV4oMciA,-122.4106402,37.7593477,9.398798943
8p08_FYwwNsazZlxdoaVnw,-121.88601762056348,37.33800685216925,24.573585510
ZektwaE58QDyjz8uBlGurg,-122.48244,37.78227,41.142559052
1g6f3egTGhe4Wu6A1AwzpA,-122.412023,37.769799,6.266015530
xY0Mt1XJTdKOqo555eu3gw,-122.40631,37.78148,8.068073273
0Wp_oI33cJ8u42AoFwPJ2g,-122.4200414,37.787315,42.366672516
1RMYBB76e6Dzv05FaRqtNg,-122.26476,37.8406,33.769138336
SWc4IPI_6f7FTwHicJkAiQ,-121.895271307935,37.3334816167796,26.114467621
wjqh--9GiLbCc5q-zeqLfw,-122.45039,37.73124,107.421310425
E57pVQIALaavqxkbobVRow,-122.43985748291,37.7161865234375,61.315040588
eo67P4ZTkD8UpRqEfMMU4Q,-122.41099,37.77459,9.518939018
NO7uen-10Bwkf_n4tHCEjg,-122.421983,37.763391,14.687864304
MWR4Dtc_lgSqp-DXrOysnQ,-122.27182,37.80007,11.989304543
HVJdo4f_6MxkM_1aCAK3NA,-122.40336,37.7975,11.321958542
ijCqjki7SBeXtSpzKhP8Og,-122.466573044658,37.7636013874547,82.145393372
Ag81Mwhyz9rO6MtBeYcAng,-121.87487650006943,37.33317432398239,28.214813232
wVZEg4l9OELvFArGGBOFPg,-122.2747312,37.8015863,12.095788956
9s_jn5dYkpCwRUU3Gm7OXQ,-121.87535,37.33267,28.352495193
bIiFlRWypq30j9YSjEDNcg,-122.419728,37.768409,8.024418831
hAuDj3k08-mallOkl_YArA,-121.9008484,37.3329887,25.648418427
lhh0RQP0SRd1YTKwkEKZCg,-121.8902598863871,37.335379312495746,26.774374008
L8RZFg4RjZN60dc3ekgXIg,-122.41114391804088,37.7732309493697,9.991645813
4ByppNly_uMEJ9NwNifvZA,-122.4181987,37.7515301,22.687688828
hJPv2379KBH7kcuqBoPQPA,-121.87506183,37.33302633,28.130001068
yC5ATYRQah7MjeTiRsGcvA,-122.431978,37.764452,38.910598755
qrHulu_Z-6tp2aV5ALg4_Q,-122.412296533585,37.7501628964343,17.841104507
rK3_wXyrjojAP9geS-8V7w,-122.267165,37.80675,9.895455360
0ZTwJ0VTUhJ0ja4vtNwIOA,-122.22331,37.784148,23.624973297
-A2EzuWuOhzGW2mkzr9sLg,-121.88988,37.33638,26.078313828
gpB0w81gg159leOk7sVzkg,-121.88182,37.32498,31.503890991
_j4K-IdaVd39jvqkPP_N0w,-122.256434,37.809411,9.185735703
lz8Kn4blqgUUV3vMBsM_AQ,-122.40366820246,37.7881894888854,14.441674232
VAG7WU0cY7276r0gdDaB9A,-122.25336,37.82598,30.896926880
VWJK3CgcgsPPZ2fAQ5SG1w,-121.8755921,37.3328427,28.181335449
9oF6X93Q6VwVNeWixZxsxw,-122.4178925,37.7523918,21.742074966
kn782Mw92uchlBI2CyosOQ,-122.397979,37.792886,3.788633585
iwzICpRZs1BUiOyCuzpTIA,-122.3989792760778,37.78761808836796,7.131587982
GjIO1jUDyaRwV0nS7WfQ7Q,-122.40526,37.772,4.953284264
cIcn4ZvsO7cHro8I_AfVZA,-122.41539,37.76317,6.006662369
UIBXEMsUBqvqg8fWdT_P8Q,-122.457382202148,37.7809715270996,69.688957214
Ed-60CtiaPDXznP_FlNS7g,-122.24723,37.81317,5.667294979
Yq4TjSPkVnA0H92ej2LK2A,-122.42108646195322,37.7546315,25.462154388
i6cRF4J1u13vMvxuljr42Q,-121.883529663086,37.3372116088867,25.385675430
bWTd4CGOd1LKUm-sbFPgmQ,-122.26857,37.87087,56.324005127
Nu-ZJEXwmk64yjp6zN3mSQ,-122.387407,37.741525,4.982180595
mSHo2HITqIQge6ADNI0lcw,-122.387276232761,37.7872114741567,3.950000048
x057NPwgCiBnxw4dMplh9w,-122.25267483171486,37.849271269478656,61.970710754
lMa0yavrNldDRCpM0IOD0A,-121.8877182,37.33675,25.099519730
5OpSMKKvxINttxxx9DnHSA,-122.3991875723,37.791312535467,4.524346352
PPDYYk81ynt3cpOPSkYGBA,-122.41928779236518,37.77969137042531,20.546512604
8QE3YxyFFAgM6ZiZ5r23dw,-122.398231506348,37.786319732666,8.549048424
scDLbnvtgbqtCxuSIqbCFA,-122.4049518,37.7862010921989,13.173051834
nmrRUiBtLLeOgdR_PLEUQQ,-122.26894,37.88086,77.697029114
GRLzNPPeCmU9giOjDcju3w,-122.24671861613533,37.81305332214538,4.133177757
bzTYLDtFmDRet-KPCX9YIg,-121.874866,37.333192,28.234642029
zyznMDj9UJaPvAEZQrhDaw,-122.41132232944612,37.78188723976018,14.659095764
Uwixn8SsCURqEoKy56frqg,-122.480214,37.76331,67.103973389
GQnXtvssGFMmWhY6QjrBJg,-122.2727818,37.871143,50.524932861
Qe1c3ePgO9TkGSRsgRdTCw,-122.431717225118,37.7798712859482,34.461742401
Wd5ho0_FKk9n7uV8pSCYIg,-122.399338591436,37.7935921194034,3.888879776
UPqJhMza_HfVjjwY3s07yg,-122.2616888,37.840044,38.401493073
fbxCP8Da6RK5m6tc0Jr_jw,-122.2429,37.811488,5.782559395
mWIsRlWrFsHFw4fb03HONQ,-122.47357,37.78032,51.479286194
GRM4VblVeqOAi4Ev6Owdag,-122.262212,37.836218,35.652355194
7N9Bqb5bB-Iqu1ho9Us9fg,-122.41366,37.78781,43.591423035
rqcpwCZfCqLiztk_fgjVeQ,-122.4223839021248,37.77725967982633,20.247919083
SFossJ1arKDH3jP6bYeWXg,-122.3919931,37.7791526,6.564413071
B0lqvrhX9BNPMggTFmFj8g,-122.478325,37.753954,105.632896423
3aT47Fgzll2qXe4gcPGXNQ,-122.42586,37.77545,24.597188950
k6G6EMUaDEMZ03ZSG4U9Tw,-121.88985251165673,37.33544000053426,26.784337997
fE1bmrIWDHlfPRD9-JEv7Q,-122.262387,37.819011,17.065889359
paT0XBcZzbpaq5pmZs4-yg,-122.2526893,37.8259995,31.718626022
knfB3bye8C842qOXg5WZgw,-122.4120353,37.7697799,6.286015511
TqlKxhg6ShCyDBlkB-IoEA,-122.224853515625,37.7787437438965,15.657051086
g7fe96v4cbiL7VdcNS9gOQ,-122.26847,37.86977,56.115642548
TIvMX0RWgx15o5zwfWe2Pw,-122.438679,37.773767,59.340896606
DeKT97qu8tUk0gDcHUFiCQ,-122.4089753,37.7855194,16.132728577
S3P5F0j-KfPQpXZQNuMIvw,-122.400273,37.7870726,7.608716011
lyFzzkaq7NZ_qW1a68KT6Q,-122.42132,37.76468,13.655475616
If5hVcf5uRbuq4pKXdyOjA,-122.49757530345666,37.775581837885525,54.993904114
MTxKV5p7TSOFwefoH89i4w,-122.407183524142,37.7799942484473,6.766347408
fOddcZuVXxI55KUPPsKEmw,-122.3901396,37.7805068,6.266638756
IU26nUYu6-BS6z5LXpNAxQ,-122.417348,37.7771348,18.013120651
snvCNwBlYjvA0FJ6L8CyHA,-122.402943,37.776033,3.515452147
QG913h2ioHErQDYQ1n38ow,-122.252253,37.850493,64.631904602
g9vjglRK8An980hC8z_mhQ,-122.4382307,37.7877522,47.975440979
gRApERKRcqcZR0kHddg9Ow,-122.2683576,37.869880345239814,56.485610962
bcrk5dVXREt5PtiUa2LQhA,-122.29373391111504,37.84131580346495,3.969074488
1rxtGyCrbAmRvPAwjYstSw,-122.43566,37.78841,50.264648438
LjtPjGi7hhgCRpnzAzpaKw,-122.40883,37.78849,27.602090836
YOJ-i3HQSibIJ-BKG_Hj0g,-122.258950285614,37.8684173191226,81.124977112
Rfi_WIe12cNeqyb7FK1mig,-122.39289,37.77928,6.990121365
ONNqdY2SvecnaT8r4QQ4BQ,-122.2905755,37.847209313099675,8.228651047
dWgke6CRc7x-uyEvb892Yg,-122.41764,37.78644,33.958995819
tMmCglI7jn7_r78Yg6VLSQ,-122.405723,37.786139,13.105763435
k2N6DLd141c25wT-y0ZZHQ,-121.89438,37.336548,25.719713211
kYDSRed8ki6k5saMSBvpEw,-122.427429199219,37.7977981567383,29.582704544
oXyGWw6Xg-r7MBqjxO356A,-122.27006,37.86903,52.952644348
hNbedrokbXKf2wzl2jbm9Q,-122.405566200614,37.7867849171162,14.326212883
XusKnltuKs9LTfAMCCxyPg,-122.26813,37.8034,12.326181412
nCbIZwgl47Z2RTM9WJFOEg,-122.2232533,37.7762183,12.937093735
4Rl1POn2Gxtt-mgKvvKMZw,-122.419921875,37.7641067504883,10.240881920
jWXzG0D-Es-Xh6RW8TewGw,-122.42231500518064,37.76507,15.133817673
1hMD7RQogPDWpE-p3LKjXA,-122.421476,37.75739,21.146203995
CRHFf8OoGEUrgZbvBovCeQ,-122.47699,37.78069,45.846645355
-ks_O6ZHGlZhdpRxy81mwg,-122.403244748712,37.7942401170731,5.717204094
C1KKLpAVfOH4PsTHHWsAqQ,-122.434401288629,37.7513241022825,60.809967041
25KGeqGCQ2NGUT6217hF8Q,-122.41857,37.78625,34.846939087
52jPU_NQqF1Il9ZBACWHMw,-122.2675003,37.87148,59.053405762
PrJ1STAjiBTefT2fuvG7nQ,-122.407489,37.783769,10.432542801
tcvf9n3h9iU6eQM5zzSq9w,-122.2622072,37.83650794315101,35.854217529
9e0723FpGTdZpQecdUQgaw,-122.265211,37.79665,9.193284035
9MrYrNitwRtN5thw6vJwAg,-122.415778711438,37.7787087857723,17.496761322
VvSS7mnXtu_FDq1sH-vVfg,-122.466532476246,37.7637450447423,81.720603943
qGf1STU58RroSfnUdghLBA,-122.468120008707,37.7827072888613,57.818984985
SqLk3mvcPCf3DZmZsE1GZg,-121.88932,37.34321,22.924961090
CLy-S3oE-6kwLYpzLIey8A,-122.39545,37.78534,19.394168854
IBBHd7ejaRDK_m-oXC6ZVw,-122.49761,37.77585,55.673702240
1wimj32VSVQmD26Uufdrqg,-122.2686406651294,37.872820025432496,60.529590607
w4ho2Nui5ONcGSSHfsT5rQ,-122.2601405,37.8718211,82.298820496
MYl6xxo93hNfy8bR0X9yPw,-122.397074,37.78535,15.659788132
ke_1ETZfvS-ptDtwgKwEhg,-122.226374,37.777494,13.954721451
G2pg_pcZHRh552avgGntqQ,-122.4216614,37.7695241,12.987163544
uEqfSPKd-eIHOdF4GBtAxQ,-122.4502710605128,37.78672898134946,83.763107300
EhPIx0loOhlOUhgduqPfAw,-121.8956563,37.3484699,20.485958099
w8MW2jeXhOuNgNh8j3AEUA,-122.41267626257267,37.758894,9.439379692
5UYuD4OfTT3CYzQoWbba2g,-122.386814584356,37.76882697122841,3.572323561
NsvzBa88kK7ZFsKnqc_-QA,-122.47569,37.76378,71.876632690
3aG0xRwZSUAkRLbW3h3Xiw,-122.39571,37.78969,4.517080784
sskuYNtAkv0yXR_VKE0Frg,-122.457647323608,37.7788304220349,68.644195557
4H3uVZ-OvM2vmVOIor3tfQ,-122.421194412234,37.7816608858211,27.491907120
xLHUD4TbKRzhjBAcAtLVIg,-122.406383,37.782466,8.870847702
uaHOLdKTHx_GmsIlYN1pQg,-122.2533349,37.8258771,30.673610687
lItF2bB6Vlae5wD2q7lLvw,-122.417226,37.786373,36.288234711
ROuXk09CUqbuby0BYELaRQ,-122.420296,37.785589,40.383823395
ZPVCTXm4olsIEk4rWwAIWQ,-122.42045135982,37.752250817471,26.882129669
LHKPJJlx0M8slYjksU_RBQ,-122.270055,37.880779,76.664421082
I-1l3unxDVaEOpUqSgNj1A,-121.88395663107823,37.33935702614609,24.944356918
ExzkQanqj1ATIGkdqgp8Ew,-122.43744,37.77532,58.832717896
Z0ikmAdo7H-WiCGQ4rOm0w,-122.40281,37.76458,9.610836029
sobu-HK7Pz6hQiZXJ847TQ,-122.392903892416,37.7790943635989,6.901405334
VYd8UzwlwmX8Db5umNHNig,-122.476619,37.780671,45.597198486
b5kI__r0BciP42FH7WVVeA,-122.25257,37.85005,63.846889496
opek19IuDjUH1eSt2pnT-w,-122.2426064,37.8114607,5.341376305
yREk7zYarUSRrdYe5NWDRg,-122.2629628,37.83296905108045,31.940622330
Wukv_Uijemq5oPokH6ziqQ,-122.4189309,37.7606312,12.269432068
jEhJbgH67nqh6zP0GGwDgA,-122.42118,37.75921,17.567207336
kvXDYmfrjINaH4k5uS9emw,-122.41267,37.783259,14.810328484
Bysp8a8CJtHm7d1YPrnQug,-121.8951,37.3488,20.357831955
pWVSjwLLjclFGWmhkqsWLw,-122.47888,37.76323,69.774505615
zLzaKmxE-Pv3BCtolToHhw,-122.399229,37.795521,3.459937811
M1fW9PZfi07Mk5vXFkF6QA,-122.270433,37.852763,32.446887970
x9qz9nRR_OGXhuCDglkkfg,-122.4769401,37.7806449,45.658710480
9Aj9vVrm036RvPU8v265ZQ,-122.390012741089,37.7913371759307,4.362333298
0LJsX2X0kvVtP9GFD1DXkg,-122.46680409999422,37.76418377960918,80.795364380
TFfFe0tUNFMQiPOBFV8ytA,-122.39748,37.78705,8.206254959
8rX4c-WPVu0NiRFvMicvdg,-122.274864837527,37.8009060628946,11.322982788
fkoRYeplGNR1bi_cem5n6w,-122.47526550293,37.7802467346191,48.148754120
WDSfVRVkkq5jRHub5y4wvw,-122.4199516,37.7868545,40.237926483
DQbj_4KT6I_ha6SX1a_drQ,-122.41012,37.8,25.680667877
KoKgjlFjWjssT2QRQK3vfQ,-121.876081317791,37.332575380059,28.099531174
kXr4OrFFupPt69muMpdFzw,-122.223419189453,37.7760581970215,12.903318405
WXAjDSOPkhm1vz4aYoLoqA,-122.38812,37.76059,11.317680359
SxHKYiRVnMd9BnTEaEB-FA,-122.421268,37.759907,16.053709030
Q7wY376Bd0M3LAzNEWUwdg,-122.41100950201634,37.800428070523765,24.289302826
zj0W7A7EFCxqZAChX_NwPg,-122.246782109141,37.8127050472056,4.388005733
Wpu06GbaMorLXfbN5s0spg,-122.41954,37.76057,12.144715309
_C9lRxAPnhSA59inBPx4TA,-122.501596,37.762309,27.673368454
nR2Q20b7yx5chhcKG4fMxQ,-122.27219,37.80091,12.706105232
-ABLZVAri_dYKAbCy6doOw,-122.419840354737,37.7869299073349,39.992553711
L8c4IbRg9_zZSY0T7HUP8w,-122.40868358873227,37.78897483561808,30.413028717
TlBFKt2N2eSEBpN-UZmDBw,-122.4521212,37.769217,85.476608276
2dTEKBO4Q-_1D_3vKp9k2w,-122.266593,37.799283,11.771218300
FlKDJ8wmGQv3p0CjSWxWIg,-122.40965027761,37.7849783,15.747516632
_JO8UKyhRTOkDynRxt2fvw,-121.913304403424,37.3232337764018,34.836376190
4opwrzUv_FnwFBTkBFG-zQ,-122.43688,37.77152,60.502342224
_v9oqd0bkaa2CZrTsws1hw,-122.25975,37.875378,100.269195557
C_8tBcwMD5Xy-eA8QCz0Fw,-122.40375,37.78039,4.870555401
bJm7lxFjXPTg1yJ3WBikMg,-122.40072,37.79555,4.016905785
vzBSlQezq2GJkDeqBQxdtw,-122.42237562944418,37.8056730613396,20.228477478
xhmjO6OFyu_bjGvBpTO8SQ,-122.390007262644,37.7915524834793,5.057438374
cIkwt0L2Xsp8tzGL0uKajg,-122.4206480480593,37.74414688791179,30.860858917
WOVHQYzSAdyXYOiYDTmujQ,-122.39995,37.78724,7.318439484
HXxkpdT0C1yBtWTNm320mA,-121.88435,37.3320999,27.446439743
F3NGeKbl-7CfsNAbeaJEOQ,-122.27497,37.79446,3.726394653
_PEiTpmT2gGp5cObcnKRPQ,-122.3901191,37.767008,4.923398972
ShGxJfs3G_s8xJaP6Y8mWQ,-122.29345234330232,37.84111562248004,4.003272057
nsRbB4_JaqIZbJUNP-OChQ,-122.3911072,37.7712057,3.287608862
Bkwx7HCySzJVJN3JoZRU1w,-122.409996,37.799965,26.693157196
p1oiqn-SkMrQG0lT3V6jIA,-122.40568,37.780772,6.929067612
1iW1BvNnz1nUb64GoX3NDA,-122.400841427178,37.7857473569667,9.001682281
Mdo9xSfWeTwi4IJli-62oQ,-122.42693,37.74355,39.735149384
cZZIVEldK9EB9sWquzpSEQ,-122.2567267343402,37.82798513726011,28.030786514
iEbNZymY3kEbPG7wP1i19w,-122.421592712402,37.7645683288574,14.604146004
VGb0wBUFj7sBwJdru345qg,-122.43205872541012,37.78495206994753,41.140644073
NI6OBidrQLSJ_cZgiagUxw,-122.29389729367436,37.84131702514791,3.892612457
uA6jOVyeAXR8juuNqU_m9A,-122.42495,37.80143,29.178400040
TTSbmxBi-2pcEMUzjxLu-g,-122.2684886,37.8094203,6.163900852
LbT6hAD76AQoUoKPCyf8qw,-122.404029771812,37.788292496211,15.093382835
CFt4vzFLsfbMQ6MLVt5olg,-122.256564460695,37.8280542551723,28.131196976
uHJp0fNvumV4QdtwMpLE-Q,-121.904619410634,37.3312921822071,27.099277496
d9wPElAQxkl3kr020ttwGw,-122.409408569336,37.7867584228516,23.150796890
d2wpPfXQPvVHGOYdxQ7hXA,-122.40186335259742,37.801564954423256,4.976858616
QmG1Oh-41OxKC40kRWtSlQ,-122.2679365,37.865198,53.125152588
e3d-jYxVx7YLTxQ2CEmb0g,-122.44007,37.78508,45.010017395
bgoSfVaZFXDthHLbWxyeQw,-122.425072,37.801435,28.551582336
TJZLyTUqtwgsXS439U641w,-122.40269,37.77039,3.573732138
QC6tExtyQxwGtCSqYGRz1g,-122.4178688,37.7964503,55.434825897
LyLkIsNh_JVy7vhbDey93g,-122.47641,37.78026,45.648994446
6Hw6ScFTvn0Qnx758q5GXw,-122.410522460938,37.7594223022461,9.908667564
mL6McYFYvPmucI4zTZbQAA,-122.42132,37.74363,32.557331085
ycdyarBCGW4k82CfXZO1Dg,-122.4564789432373,37.781208449034025,65.758247375
8aL2VvJpL5xeD3-Tb6g0_w,-122.404694,37.785488,11.709295273
d5752S_RDb26HxoL6O06eQ,-122.449679,37.765956,92.202743530
erYYJowEw5Z_gqXdT0XuQQ,-122.4785915,37.7636264,67.802124023
hw5CNSJl90wD9Z8KYGNeEA,-122.434748761081,37.7324501841132,59.547943115
P8I3dOY4Nxu4DUC6xSyEmg,-121.9112119,37.3225513,33.830150604
YMhvS3UrNY3Ft69IADFvvg,-122.47814,37.75438,105.433250427
TfnEaxxOWzgiJXTEILUvQg,-122.40556,37.79551,16.110479355
6RD33qPwBS6j3ggo84J4iA,-122.419098,37.761095,11.634415627
J9Eq6n3XEqhkiCfKdNVTpQ,-122.426312,37.743903,39.724784851
A6D6wG5y0sqpaqJjgc8QeQ,-122.41528,37.77084,7.562147617
QAJh5JVNxFY_HPk-PCpRZg,-122.401949,37.794262,4.850940704
XjViuoOVtkQQtPfqdaIHVA,-122.40049,37.78682,7.705003738
ZYiTSpZVRNOGM7Q0H5rXrA,-122.408877387643,37.785491591817,15.612729073
_TLC_6icXXK8bws9mPT5FQ,-122.47875,37.76374,67.909378052
eWV_yQ5d66F6CwB0XWRlGg,-122.41987,37.76384,10.209049225
7sg7Rc7FqbI2AeKHH58byQ,-122.26711,37.86606,55.429801941
wfV46UVjYskCRPjn0DNkMg,-122.40881,37.77616,6.530441284
OqW_xX9ro7LBdbWsFHE1MA,-122.433746241559,37.7716825539245,46.343395233
Qr0dBKxCtWWUr9bJ74aWQA,-122.409048,37.784275,12.467710495
zdxD_44ilNWwyI62ozHw9Q,-122.4051093,37.7529485,16.769584656
1EWkmc_myDLYfvorOnYzEA,-122.404432,37.794597,10.779651642
B-kmT6ONfS1TOsUMIoEAhQ,-122.260336317122,37.8754131291606,96.951454163
bJ3InsZr5tDlfI6mEV4Pyg,-122.40833,37.77616,5.880173206
WZED7bVvzaJ7BmcPAb_gWw,-122.387985130775,37.7600812094141,12.511031151
2ZgnUtbF_qqbyfKZ9Tvhcg,-122.4025737,37.77586593967687,3.564840555
vriYTCQfZycAxtOaAPi6lg,-122.41175,37.76985,6.188925743
0zNVSHK0S2UEat4luR5FPw,-122.3938648321839,37.79079917644808,3.467941046
NucFoxcRQmPjB6rHTv89Zw,-122.3914399,37.770789126156835,3.484740019
LU4nu0-f9L7nHyRDdq-HvQ,-122.4213699,37.7593824,17.297166824
QF6NQUT7JCDfPWGH_1Gwtg,-122.412,37.77327,10.517407417
j_YtZXamd5GHfL-BhfkiLQ,-122.4036308,37.764681,11.451001167
XbdjOFDmAHz2sMoyXa-9wA,-122.392263,37.778169,5.272133350
tbY3x5Pyal8AeI1xigiRGA,-122.258916,37.866379,75.120002747
mjJynPiJ8SNpaySRs6zb1w,-122.418333,37.775,15.068705559
vu6PlPyKptsT6oEq50qOzA,-122.4042726198749,37.78566225574775,11.089060783
qhg8z7n9a_yNeOkeEEf58w,-122.2781,37.8229,9.188992500
yjk8RMe_sNFpkLCsKKuCvw,-122.391771,37.77385,2.742597818
BbUZdItwH7d2J14eo67krA,-122.2878511,37.829180500000014,5.210307598
nfBk9bUx0XgFs6S6JUTJAA,-122.0563915,37.3744614,42.263614655
wxzx3duu1c0CcomzEOvfOQ,-122.422035,37.7438,29.827178955
Wa0RB8uWsm4I79hcWfGdEg,-122.4233882,37.8052125,19.289091110
SOL84fjQgVzW3V1_bRK71A,-121.895393371582,37.3391761779785,24.951898575
pTpsniKEL9z7Sv1ilXwQag,-122.26931,37.87681,71.123146057
V3CFqAyBh4lIujrV2luPgg,-122.26795,37.86618,53.886257172
sSiUcnbwPQ4ssHY3EMV0Fw,-122.432095,37.785051,41.300643921
fZ8ESFt0vIStsU6CfgKg1Q,-122.420289516449,37.7641503052176,12.306295395
f9qCrqCyC5egO03WBsbLAw,-121.876708984375,37.3362197875977,27.678167343
7Ueg5nzWAPv3LMLc2k9alA,-122.466385270526,37.7638261367704,81.404708862
BNclpAIcHH8v0zC2w5jdXQ,-122.39920116164,37.7955236628954,3.439937830
JfYD1RLWIocNtgsOLU5NgQ,-122.3993022,37.7878039,6.901437759
vsRY9Oyi_tIki0ui-hYOcA,-121.895,37.34845,20.455453873
dlDzokm1133EoVAdajYgvA,-122.39385518779056,37.78974535653059,4.468001366
KoBsOhWwicQVjmCAC6KVEQ,-122.40234,37.79239,6.275158405
M4G48CR-n5ns-LmGyuLrwA,-122.42068,37.75548,24.733165741
Z0togIFcaJslgYXsHmso9A,-122.40072,37.79782,4.718314171
zUgX3riCPdMOQSw2bvJSMw,-122.4218699539719,37.76389585395644,14.643160820
jRbLvmBGRuNQwsZdV_LWyA,-122.438884,37.773141,61.965286255
vbwrGY0rdlUvjchdQqlyrg,-122.25146,37.84358,54.599132538
Faga-ynuu693d8T9J2KQ4g,-121.8710146822091,37.36561135764067,26.168725967
eKvJaPN7FVtcP9BgTnZn7Q,-122.232124328613,37.7805786132812,12.173821449
dp79eNPRsgJ8MgBjH5DozQ,-122.42158,37.76368,14.347167969
hkqph_Rn9-_4TzGNJLIpzw,-122.418037414551,37.7515983581543,22.452360153
tigDrtlMEgyW2kaOac1NWA,-122.256358936429,37.8091267703572,7.393632412
M8_kQV2qiPFtA6faPxM1mA,-122.4091439,37.7890249,33.194038391
ve1UnKxLQKfNB-MN1IDLlQ,-122.25662,37.82832,28.443603516
Zg7mqRadu-C8DCqdqUaTYA,-122.402728,37.794632,5.110052586
Kq6uUzRw-iaqe4p7cLLmBQ,-122.258124,37.868068,81.283103943
TRN1vdp0-og9M-3AgKmZZg,-122.458763122559,37.772504166385,72.990364075
d3baG0aiEnhGbiLxt5xB4g,-122.2597705,37.8751938,99.435508728
IqxzAsTjMeQAF1Ar1D5tgA,-122.2656579,37.8110824,7.747057438
2-Pq25Uxf5Ql72MkuDA9jw,-122.400634765625,37.7983245849609,5.860646725
NCRPVeno8fIeIzfTCXaxlg,-122.26924,37.876388,70.150657654
aZ_YuxbdMB_ViExPkiXTbg,-122.39565713646972,37.79481890211946,3.617923260
Km3ze4SL1qqH72HZeZItqA,-122.50409,37.75279,16.391323090
a_1cALbyEqbNe583ffusSQ,-122.2584038,37.866891184384755,77.004463196
JAmgA8NL6Z_a-FQQ3wcHDw,-122.438163757324,37.8051896443422,3.935171604
HdZLo3v4zNVpzx1CQjg5MA,-122.403917,37.788722,15.856578827
YawEBe-JjF9hpyKmESkT9A,-122.2259,37.77795,14.226473808
NqSVQ_DJZpVmCbJHaFcIsQ,-122.25293,37.82658,32.836639404
wA0gYoCGG8A8Xdx3zdrxCg,-122.269302606583,37.8019186109304,12.997675896
P1pSbUNoiX17Fj_qt2TQ2A,-122.2603074673181,37.87525464086151,96.056335449
Gj0DVxVNgs-Qb5-mLrszVA,-122.263366878033,37.8340090101438,32.728786469
sjM3CkIjj69-I92A-7iqog,-122.258414179087,37.8629865267409,69.222434998
j4TKC4sEwOnkCnd03BfU-g,-122.441,37.71639,61.650554657
l0JoMI4Zk7s_7gezXpKiww,-122.269633745392,37.8084948674334,8.083318710
8RZaiIw2svIjxJfcfR8b2A,-122.422514408827,37.7414314448833,39.821727753
R-1tDX2JbNA1GTR-DWiZQQ,-122.498195921188,37.7755377573718,54.779045105
70ouGEuAMtq8sHuZ1rNVxw,-122.24381,37.81052,4.988857746
gMzVS6LgUkUpip1NwwHaLQ,-121.89675,37.36971,17.918727875
CGhIrUZW4MVprvgqhI222w,-122.42689,37.74307,39.918388367
d4_vZ9OMzGunND6KH_xdHw,-121.88485928463784,37.32827777315491,29.028940201
aQuwkkUS_S52ga0PxiOIag,-122.411453,37.75895541363301,8.794704437
D26qBnudK_1pdo6AlvMlvQ,-122.433369,37.771842,46.518562317
hCpwAHmq9tMcO7DTXtStJQ,-122.467425081597,37.764008,80.170959473
1vtBJxqtsXTvUlbsCZFfmQ,-122.39361363122316,37.79553052897288,2.896066189
_JB5Bv5h7txJ7rcqcQJ6fw,-122.48087,37.77995,42.988330841
RVEG4vkokV3jVMbiRJO84Q,-121.884239196777,37.3282356262207,29.263013840
gBuLECbmaxvxQX9y90EZSA,-122.399665622613,37.7869478294579,7.763968468
6V6rb5XsAL5ENq1ggc0ICA,-122.4024977,37.7766891,3.433407068
rTWCRx47a9yORkoDpc6iIQ,-122.259995,37.86663,74.379066467
ALroxIRJD-3OAI7p6ex1iA,-122.26908117248078,37.80877160075162,6.999688625
eMdBVB7uVVc3B9Om8Y7Giw,-122.42140774949176,37.75642421945751,22.750450134
dfYbENPc5Xzmh2fj2pqs3w,-121.88671875,37.3530807495117,21.881813049
bHQzZz8E6PMs5WWXoaVWlQ,-122.466704,37.7824738,56.000637054
C_pXSfJXvvCjgBF5mx3lxw,-122.25223468670256,37.85018149630496,64.120109558
swECzHEOgcxkfqI8uqDO9A,-122.4955492,37.75116729739856,49.718570709
qgcHrl5L718-6S0_QYiSMQ,-122.391277,37.780921,8.387591362
oHuPyoGY7nhCQeprHCv21g,-122.4334,37.75121,58.588802338
8q6K5RpZstSassf4DUcJiw,-122.2980793,37.8393639,5.151208401
JCW-4Tk30zjtXef7cpMTNg,-122.27111,37.80316,13.190883636
U7vDkx2PYwdlGE2WACqBIw,-122.252603435285,37.8502207431075,64.013633728
GKKDdG0crNbIOU0fNHhhug,-122.40294,37.78846,12.993389130
WTHxdPHGaMlg9UMmx3G4_A,-122.27593,37.81769,8.562092781
I19ntZQrZxMn9gYOOK1rhg,-122.3935498,37.7955917,2.307038546
EKLjQC4LH_WPFJPubtPfMQ,-122.40254382531737,37.793953606303745,5.273715019
D1K_lFglA5fOYquqltYcdg,-122.466417011814,37.7644547169329,80.501884460
QNoyDZT8ewOnmPq19Pn7SA,-122.260070107877,37.8758505933384,100.578895569
r7wh5KZl9DgVBJ3gntY7Mg,-122.49495,37.776045,63.007087708
u1qumXEGzdxzl0lM3Sjf9Q,-122.394218444824,37.7867851257324,17.769689560
KxdiWURBtAo_yx69qhxZQw,-122.38971,37.77202,2.861727715
P3bTmEqA5yRiiOCD3KoFeg,-122.40269,37.77039,3.573732138
DuC42Y2rYaNMTRwRUCGzoA,-121.887016,37.331167,28.210216522
N_0oOV4x0niBfrU4-T5hFg,-122.4033968,37.77023219999999,4.112062931
i_in2RdvwPqY6O9KDnXeGw,-122.393828853965,37.7955680601625,3.168806076
XTJJ_PUQoJKIh31ZIzsFzw,-122.4421667,37.8057911,3.282460928
hnwOMxt4_n-rAVjzkLLdpg,-122.266434,37.799312,11.719335556
x83ah_eOZDvqeXGdOXUQZA,-121.88903520449504,37.32738580350525,27.788837433
BNrzxkJNS7cos8s_VzIA5A,-122.39309148339146,37.78871649592534,6.798104286
R7L1giUSw0r0k_CGsGJPaA,-122.277857,37.83151,14.913309097
dQzSSdqB2m7rM5tTB7933Q,-122.3902947823089,37.7691351486972,4.083229065
quQ1dJKZbciu7__7WKjE_w,-122.4671869,37.782734,56.686664581
IQN7FHupd698zsc6XmvWQA,-122.4406828,37.7160703,62.764579773
rmVEAo1OTukUz_gxpLZbwA,-122.39372994750735,37.79614694306903,0.892485023
KoZtPdlNO2jMJ7Zc7I9JVg,-122.267597,37.869817,57.531513214
KRXjuE6U-wFwD2rrR_Kl1A,-122.398850892018,37.7946869314868,3.695496321
WqeEFLjIFsDZSRbFOneh6Q,-122.43498,37.797391090176134,21.302930832
Rqh1rfTX-djzgUMHXn16xg,-122.40161,37.78953,9.856817245
UYNswbdsQ5OvwnyY9esxCw,-122.430262778253,37.7666182758937,35.699760437
-NbDKVqG170J19MqSQ5q_A,-122.437750024358,37.7764801534107,60.875595093
KoWS1SRQWKWan06ALVm_ew,-122.396191,37.787964,7.124440670
WKEFt4vsfJrIrUIpXUXhSA,-122.41046186584737,37.74709621508451,14.983842850
HS68FNo1XrNPec9ArUUqsA,-122.24473388872616,37.78506997570928,3.372661591
bwEFBcw8y30lqtAMWXLPxg,-121.88993498683,37.3352859388708,26.677045822
VtyDb234LiRT66WWGZq_Dg,-122.256729751825,37.8277793720578,27.749650955
hdNElfGIAWe35lMLWwhWUA,-122.4024,37.7934,5.462844372
53BldP9IOwHi9KVvWvBgmA,-122.39723,37.78795,6.846578121
1CBs84C-a-cuA3vncXVSAw,-122.26052,37.8755,98.470771790
A8JHoOoOOpJcuLD4QJn2Cg,-122.392577,37.778294,5.969078064
lKMWPIxn5sKD3mVk-q-bAA,-122.411895751953,37.7697792053223,6.286015511
w5BLpD2_aj9gyTMiStJ65Q,-122.41890378949986,37.759515,14.201214790
e-f4l-iml9QbM50REiR0rQ,-121.8899795,37.335288,26.697046280
aI8ZuaVOMPJLHDirI_CrNw,-122.43467391,37.788618,52.300403595
hmyPliJ_5o6bWAtucRC1vQ,-122.27165,37.79964,11.641897202
K6B5bN07dWAoC6vlT-USNw,-122.268768846989,37.8133905393292,7.697890759
HN2x0wvVKFXfZYsOdcsqOg,-122.293877,37.841214,3.908395529
EsnNcX1lxxhUQNtnooRM7A,-122.41226,37.78373,15.574359894
-ohLUEXYLH90Jk-zSloesQ,-122.42580843097474,37.761512458069326,15.528210640
oWZjDqoyf8VeywjZbdcknQ,-122.2748926,37.79488010000005,3.871055126
WQ0oLM7pESNgdZkiX44c9g,-122.415751,37.763961,6.671440125
KjpObVCWSuoadynXR30jGA,-122.26847,37.86977,56.115642548
aj3_bG7gIDyqONn9rB1cSA,-122.39129,37.77083,3.532331705
J2dq49rlHgu8eXVTRRnGEw,-122.4211567,37.7592269,17.567207336
kGG66pu2BpqM-BgGyOYp0A,-122.45450592041,37.7234497070312,90.377632141
-ztyzSzLBqWK1l1vYicxCA,-122.41982,37.7646,10.152801514
ikcPgo8rKPyD4mrXulGcAA,-121.894905090332,37.3489074707031,20.310747147
L0Kanq9vtkYaId7dguEOsQ,-122.44193,37.77719,69.887908936
pgjbSwK_8DH2o_zQsr3dRQ,-122.41964,37.77713,18.342029572
_HOwYRjws3gDhsqSWEM_Rg,-122.4255119,37.761694329383225,15.030759811
YFMelAqafpIBuM7lM4dXlQ,-122.2687316,37.8023567,12.750720024
NZdXTfrfCfl9nk4ZvoWT_A,-122.395898,37.785371,18.080738068
aINJgFdqCjILgZdsVttnug,-122.40386,37.79442,8.432441711
kvqXqZqGfEqfA0shqAgXDw,-122.39397,37.72846,10.825912476
s8uX4sYQM2_HeCab7leG5A,-122.446029663086,37.775691986084,69.394309998
24nIA7V7a2idAlHWtq5zEw,-122.263896,37.832753,31.032979965
wGBYKBR610I3K1_h4pHUrQ,-121.893842965364,37.3363226652145,25.647161484
0LVKwqqzwiUnGtKFo7f6AA,-122.398016998777,37.7834151615544,15.547425270
ZN9Uf9PBOGDYc9vrlsNwvQ,-122.404371,37.795178,9.822643280
HfO9nHCxnBO8my8wUT51pA,-121.884592,37.332423,27.153377533
ykvr3ib1gHQHI4tznSn8iA,-122.402359,37.794169,5.161346912
-PvhmODdbxAHqQpgJLAx1Q,-122.26860120892523,37.81237421816563,7.187767982
HsC-aIyYR7ur-q-6r6Du1Q,-122.417108,37.775968,15.613974571
XQLmEdXoMzOpffwoFaBtaQ,-122.43072410226956,37.764290777795395,34.766319275
ajVck3FDG_TFYq6y65cL5A,-122.3916722,37.770753,5.478356838
OoyK7MyuPtKOQAXmEmyM5g,-122.422120973633,37.7662598870271,12.842159271
4vrX5JhM1D3dTiL4DU5clQ,-122.388171,37.759631,13.109708786
-VCVJqh64Q6-GUad8uoaHw,-122.26229,37.83579,35.347518921
4lC8qplmbaDPh9ms7nUWuA,-122.270349673927,37.8090221397698,7.624006271
qmRvFrvLApOh09Fb54GhNQ,-122.25035,37.8092,4.495712757
TiDZQVQozZrxfuZxzG9k0g,-122.2613549,37.8451501,42.240547180
3twXqUphnT3qi4ThSzQwQQ,-122.271557673812,37.8492637746169,31.480895996
rE4ZPbMuRMiPbgsJmFIVlw,-122.48121,37.78056,43.175689697
npEe2JI6uvGAkcGik3v0gg,-121.8967427,37.3509711,18.710718155
qMiOOVbExgXHxmXgWFZRKQ,-121.895108,37.334417,25.488151550
2pC_d2zBFc9fXC5SOsxcvQ,-122.39078593132024,37.76158482361137,13.308312416
A-SljNbyT_hBcFQKzcJPNw,-122.26833885498831,37.80335551686446,12.057238579
PGGtbjr8m4V54tWMgqYxmQ,-122.2517,37.83798,44.940788269
_1_HalGUB7XOAteR9j8d8g,-122.3883107,37.7607298,8.868526459
gh9eocZSW59FNrOG_6YwYw,-122.412787377834,37.8057776391506,4.572083950
XTY8IGQX_WjhZEeL-rogjQ,-122.433228492737,37.7719359641184,47.555923462
4a-VV_CbVMZQ8Wh4yfXT3g,-122.22394,37.77538,11.595176697
v2bTd--1oOCn6vNnZnTbjQ,-121.885945,37.33070268991571,28.528322220
wfVkZv_oSlvH6D_KEipneg,-122.41315,37.80587,4.623265266
6woXHF4_h1EO4eZLtZbK-w,-122.474333,37.763876,76.702949524
Pmyz0t0TIqkOIPlyO0nU3w,-122.269526,37.812225,7.858998299
J-gFvT4B5UoZgoEOAmxNxw,-122.41857,37.75158,22.827270508
vkx4tU2humMxZjWlJEYLNw,-122.459701538086,37.7809181213379,60.766418457
x4ke7J3VHMcgI397dKbG9A,-122.4005,37.79589,3.947932482
9_6cL4Nt0lHpJPbKOSJm9w,-121.8870682032117,37.334363214785114,26.524677277
Uz3v2clA6hFtdCOkfpCkbw,-122.39845,37.78462,11.236291885
9EPtPxJfJ1PZJJEfslbTUQ,-122.511709,37.775843,8.269443512
3DNoAVehylJgUACvgXugJA,-122.3911102,37.7712452,3.307608843
xARK75baYeE6Oppq-aWmNA,-122.3923,37.78929,5.391202450
eHw8GrM2kLey6edpPr4RUA,-122.2678992,37.8122975,5.989498615
EPX_VLWZEQow3tdw_WacYA,-122.415809631348,37.7791595458984,18.518835068
5K6QqbUEudvCO0HyRqAJ4g,-122.411268470118,37.800861164811,21.797256470
7dJqX-GEGCbS1K_2AhO-bQ,-122.2720573,37.8007897,12.509218216
7SXttSYEIhNxjdQoBShk-g,-122.20703466163918,37.80413712394768,87.079818726
rLSLDG4weTlqnT6w_0UUQg,-122.4214528,37.7935906,58.160205841
x68Y9jkx8SixcimsV3qtGw,-122.41269,37.78082,13.729330063
mn0FyPUogrW9fT-l9PJK3g,-122.408317565918,37.7747993469238,8.107375145
7nREIMj6nNK82edV-DPuXA,-122.396004301253,37.7884965502513,6.113984585
u9r9s9sOnf9BGwIaSzJa6A,-122.3992175,37.77095,3.716335058
5F_lMRdcBSRePjQ2bTVZQw,-122.269057,37.87642,70.219329834
BYHSpXC0LUkZVMeRfKrRig,-122.275887,37.815209,6.983756542
hJ8f0YxyS3fSI4r99oGDrQ,-122.42252,37.74543,30.523246765
UzMD1XH5TcxYp-CaORJCXg,-121.87572,37.32132,32.690631866
GzaXtAtEnfwoxDVXK3NLuw,-122.400235,37.785051,9.558072090
zK9-A4cIZwOUMpGBDz25DA,-122.432438,37.764878,41.229187012
9HEXF9XX8eAIiabXK7us0A,-122.50458,37.75277,14.732654572
ydRU8jEKxt0X5PQdP4VdRQ,-122.49795,37.77547,54.902893066
_ZesJAIG0c0YM5Hy8rSHIA,-122.27552,37.80115,11.229875565
AkNyq0FaeOgmF72B0WMVDw,-122.268943861127,37.8025348484516,12.438500404
kWBDP3TampJ03W0Mn9erxQ,-122.47986,37.7636899,67.410980225
89bYeK1XcJKkA4wrXx2O2A,-122.39843521,37.79240559,3.982833147
-jU970Vo3P4Qb8ICsjWwAA,-122.416144,37.770064,7.249833107
Lfv3Livj6iADak7LygETzw,-122.2622427,37.83560948269304,35.353157043
TYYmVGxhVQOtgjEJSNwBuQ,-122.40081332624,37.7853559702635,9.204204559
F0xcavylIZklIICBrLXMWw,-122.3948466,37.7766624,3.472607136
J4WNxU6pk2L1jvv-HH4FxA,-122.421955168247,37.7646623774103,14.610416412
b-MMFixPemOracmKhqo1aA,-121.88371806838435,37.33887679779805,25.052072525
mLAg6fPXuO2_QV-IEfGsYA,-122.411083,37.800326,25.534095764
qKVwVCJ_5D0iOxJYE9wSJw,-122.403850511802,37.7965391394848,5.183742523
WiYuZTvpLccsCLaouxpt0w,-122.41315,37.80554,4.592661381
eRft7qf6rgxuSptQnKEWzg,-122.4460471,37.770309,82.562805176
PsVQuCz1nzUB5D_X6jtJBg,-121.883574,37.318238,32.068168640
t8gof3epC6f7kk28xZU5sw,-122.437454223633,37.7858619689941,45.090694427
RE3geMhMIMKCrAAKKipqRw,-122.39341446102614,37.79555239668889,2.114304781
dkx0D3Mj7N_CHQcO_9D4ZQ,-121.8753175,37.3326758,28.291261673
b9ktf-foUwu05x9M67OSNQ,-122.42278,37.74137,40.425594330
F3Pycq08OR10mUYizSSlgQ,-121.91265,37.33153,29.958005905
tCjO8oR2xKEeiPqFRWaJpw,-122.4333314,37.760835,32.936149597
2V36BGuNFyrnzYIdsvsehw,-122.419766782189,37.7866996515778,39.909576416
4r8DgN5kw2eqGJbiXnhogw,-122.40322350217512,37.79635340695772,5.104720116
reueH39wG_P4XvV4y_nfYw,-122.44323,37.78231,73.537460327
ffSxwtJ4OAmdJwfrZtg0cQ,-122.434205311445,37.7509837728878,60.999366760
1Oarv6Que_QwRMyhYaq7mQ,-122.266317,37.868171,60.200500488
ZvF32O9uid0dMyyQcPeYPg,-122.395511129383,37.7884869508888,6.449635983
IDxdEIiwY_x5bxE716hSjQ,-122.3864794,37.7416475,5.085852623
OXy6qwwsU2rE4VIWb7r5XA,-122.398849381205,37.7936675831946,3.505025387
0mNzmmh1mrdh5Cpg2QUBiw,-122.4131853,37.7878344,42.605869293
PGJbyscmFcjFwQdrSDkoJg,-122.2379,37.78496,6.596711159
-PaG_ASDQtIWg2hpZeV1-A,-122.2526819,37.8510297,64.880294800
PxzM_zNIOy7jdtwT-fbB0w,-122.416963241994,37.7769775466477,17.458192825
jC5fkYDfZaTWkEWSyoUFdg,-122.4261647630451,37.77261707330363,45.501796722
AocQitKLXtpnrWhWWqPZxQ,-122.50016351586748,37.76273667414375,31.551176071
yudhgJctJhwb34Kzns7AAg,-121.8884029,37.3308059,28.453290939
oibaW-5yuiKVS5o_CcvzIg,-122.48316,37.78195,41.067455292
FsRHBFIMJzSJLEqTthWghw,-122.4023789,37.7766534,3.155447245
epYAnxgJ4TLI8LbJM9FHpg,-121.875034,37.333006,28.120288849
9tOZHnqFZ-FOB03V0c8t5w,-122.41947679447595,37.78508408073868,36.955188751
QWpbI874VfLTwBd5juG6_A,-122.400544,37.782854,5.348072529
H-VZhA-SKTtuaFbG_U-qHQ,-122.400746941566,37.7949984455522,3.960348845
cXCv5nR9P_tXeusN0Ahibg,-122.24701,37.81235,4.174825668
yF3rW4lNrdPyIzsxNNR8EA,-122.421184,37.754682,26.322154999
smvMZKoFS3x5L02UcYFAEA,-122.40220591620208,37.7702082,3.458502531
3f3mowACWFovTKv0YlcMgQ,-122.397455,37.7991843,2.974346161
yNiYJWHLxMrryH0xi_2r2w,-122.42051075568,37.755471071506,24.493165970
pfhgCRGEJuc0GNwgLXzzSg,-121.884582519531,37.3324890136719,26.953186035
C8KeKvw7uxBNnsr5DeKI3g,-122.401488,37.788946,9.952129364
pzM5uIlfV3r3dL22EHdpVA,-122.413225,37.774694,14.341959000
BQf1YL3HGNJSTuUKBG859g,-122.25809,37.86627,76.447341919
-K67EVceA9ZSQacIDaHXvA,-122.3960781,37.7889155,5.991281509
fQnZOeyEY5LKhbzd-q2i0Q,-122.392855,37.772858,2.894598722
6_ECXHsNTg9weAJdVCcd_A,-122.2533973,37.7936323,8.387745857
8LRNxCYlsdZKMQBNLf4r2Q,-121.887095205041,37.3537783863783,21.810817719
p27u4WsYXEZstuIxAXYsGQ,-122.437454223633,37.7858619689941,45.090694427
WpcWACqlAodx5dbe5GJWZA,-122.402888577285,37.7706719094861,3.692283154
C5sfs4ogigO22AWeKb11Tw,-122.26825,37.80289,12.451348305
rRVAOEHSBuvzOWkz6NJ72A,-122.010253,37.3551306948281,30.228937149
sAh7HSFXR9qnuH3kT3koeQ,-122.48892,37.75343,82.191284180
-XlUFPOYhUq9sIGJd6873g,-122.47851,37.76322,69.501914978
jAhyN-pAS6i-XMbRjDyb1g,-122.225723266602,37.778491973877,15.014752388
t0nXh1Nj5WIhg2CZDGyktA,-122.42692,37.74341,39.463272095
nbaGCLIqc_NvVdWuEweFqw,-122.4398993,37.716184,62.195037842
2b4YW6ZKXq45TfZA53_zXg,-122.41623,37.77287,10.337809563
y019m3BjBcuoNr-mVQpqrA,-122.411460876465,37.7698440551758,5.907083988
BTXlMN6mPkXATmxyvQdBPQ,-122.25882,37.8656,73.142059326
nIBD8NkIM969vuCjZuTzvA,-122.399218,37.791276,4.958981514
isKS3kYDNACFCE45a8GbLQ,-121.90074,37.33213,26.303869247
ma-IFK7XaRdVwA9lxNyMXA,-122.4194155,37.7749295,16.380470276
xgk-DJbS4SsKWzPCIO0lgQ,-122.39888,37.78759,7.176578999
gYFlihSman6yz3Mv4niq3A,-122.25828,37.8656,74.387962341
Iftb8GnEWsVO0SMuXbXOPA,-122.39833,37.79708,3.315494061
CbdyjjjiUgACbBXiPcAoFA,-122.224805,37.775891,11.727776527
El1fNeBVBglXlZtFuq4SWA,-122.437746,37.776823,63.316703796
6nRPbTf2dHiTFq80qTNTdA,-122.2623653,37.8015372,7.821230888
8ZmEszI4ZMncK9kuJYQjuA,-122.42091,37.75667,22.114234924
JjpX603q8vzWfzuQArVFMw,-122.263095,37.83532,34.206764221
CVO_TF7k85C_p6bSg9ti2Q,-122.41928779236518,37.77969137042531,20.546512604
PocLfd1yREjg4A0qORJLvQ,-122.401162793814,37.7820485446861,5.381282330
NcHmKeKR-8VEw9vBLZQfBQ,-122.266023,37.811275,7.620546341
RzPftgtJe2BCKNtNtvpWQw,-122.4043265,37.796096366738155,7.683376312
2yh9e29fBo-hZvovAkvdnw,-122.414245605469,37.782901763916,18.801237106
ZkI5YeID7cBSHTKAzt81BQ,-122.25337,37.85798,76.900497437
sVHu8PUvQz4PmpNoUMI8ug,-122.393492907286,37.7955275249424,2.526151419
YyFxjak6RRJl4IkBAoyX_A,-122.40743632592,37.7846047206579,11.464052200
GLUMZk8eJRYs4-wjwoEZpA,-122.27021,37.80859,8.723277092
QL_k7HiTGqvtjrT1SFImqg,-122.478084,37.754029,105.478225708
wUbOyvK_uZzHF8YCgsOp8A,-122.411895751953,37.7697792053223,6.286015511
gDWPJ_vj2h0ONTMCPPfZag,-122.22516,37.7782399,14.825326920
OdO-B4spWQQMgu58-WbozA,-122.45159,37.73123,109.521797180
TH_8ng0RhjG1ki-xE1HCsw,-122.260955824409,37.8119170257674,4.419569492
lVM0WB7Nvpf-2IWFaIofGg,-122.43226,37.77981,35.072280884
oCenYSSuCHBZO3VSHq7GSA,-122.45587,37.7817,65.163627625
rrJG2dknOBySnOujlMqvug,-122.4007762,37.79879726852369,7.020355225
gfckbs2GC8x6EnxWyHn_NA,-122.401451,37.801797,3.220457554
28lJ5ozOTghlDnCV6UkMrg,-122.44969,37.76601,91.543312073
HhMH5xbeY409HGnwGqqw9g,-121.8763,37.3367999,27.081926346
tiLi2_iEVu-sXNc68Po8wg,-122.42167,37.7594,17.245111465
Om8R0_jaJcyZGwrxEfqC8A,-122.27561,37.80064,10.926172256
TU07bIxGhyYrdbzPH1-fcQ,-122.395942434669,37.7777861058712,3.475324392
OcuVoMzqDeY9oQA3M_KCZg,-121.88491,37.332894,26.833078384
cLcj8vxELmYOR27lWAhtaQ,-121.86795,37.3467,28.048908234
3swOgxzZiJTBtxgoHR8QvA,-122.42647,37.74396,39.703998566
wTgo0pGzaYQCUifJacMOSQ,-122.414152622223,37.7875726536917,45.632907867
f5QnE4pSuseubDHFIf47BA,-121.90295975439764,37.3414933526761,22.625242233
PmmrgKphGJfpeTqt-65AAg,-122.419441223145,37.7595596313477,13.806447029
pVBEXKrXz0lG3tJF1sSGaA,-122.41906541166212,37.752047292389534,23.523368835
s2noUNveNyXYZyVqXGjcNQ,-122.40538,37.79643,10.841950417
-2d34s736gxBUKu1320zzg,-122.399646360651,37.7846899035838,9.130371094
JAP0-hhyuZMuDuQhUR-Qtg,-122.4163268,37.7630282,5.781774998
vEuc5iu0ndrCI5aUrr__eg,-122.269321,37.8764335,69.888435364
m0KLXdFNpk3Ql8Kxwz49Iw,-122.401184,37.789876,8.830012321
DRUpIbwReVs53nm6bTHA3A,-122.26907,37.87595,69.293060303
gadSHbP0yi-RUVT4rmN4vQ,-122.25337,37.85757,75.541107178
2sT_QypID8fH2nbnvNeFoQ,-121.9006145,37.3081918,37.128768921
PpKob6r-Cjz4H8D1roK2lA,-122.393693,37.795692,2.437693834
u0xH3J_XRPpOpr80L3fcCA,-122.251216,37.842131,52.909164429
xdKQiY0yhgnvedTC58xrxQ,-122.4382275,37.7755404,59.428554535
YP2kPeb1aMOVt8Y9FlswKA,-122.43471,37.79747,21.549032211
JcmZsOEQw0LqcIaxiISjVA,-122.4224603,37.764778103908625,15.597361565
U25d7RZPlu12UxXHZModkA,-122.42101,37.75281,27.241109848
ztL8KI0ed0snCiK88ZUfNw,-122.399336635582,37.7934543812786,3.873055696
20RPcDq5Hkptb-muL2llZQ,-122.41114391804088,37.7732309493697,9.991645813
uBEXKiMtioeDItKaAOsmxQ,-122.403255,37.764483,13.071242332
EqfgAVp4UJiaObZZEHmiuA,-122.46646717085,37.7637017070096,82.083457947
VGnEWaPzjwSPuOIe20wNYg,-122.398832,37.783487,8.012607574
7l08BlpF1sF_AZsEVkVuIg,-122.402716,37.770681,3.532283068
1DKOfqnHwVcQdCL6g5P0Pw,-122.43494010212812,37.770088420197666,56.186653137
Rn5dqxA8FiS4PvtIVpU4PA,-122.4032376,37.7730575,5.511236191
pTVgG8pZp9fAnl6q12shtQ,-122.222878,37.784225,24.053552628
xlXnPitrO9Mjfq3aPAyNVQ,-122.3933208,37.7955703,1.734220862
1Q9zM7_EUbDpDX5FrsBWCw,-122.41743051014112,37.796451030408015,69.933082581
WxgaUBhV7BYXFaIByZGalg,-122.293933667243,37.8412680926401,3.935269833
Wr9z45IIlvYb7yymQ4G2VA,-122.455453,37.7235448,89.779518127
Tenb6Y3eCC72WlDAVaH0Gw,-122.25478,37.79621,10.111946106
5UQeb2gbDRpHiGvJIzu_iA,-122.4151997,37.8042525,5.867319107
I0qXHSJwUR0Xj8H91ovBPA,-122.44000719877698,37.78503492994844,44.710014343
ZxanwRCgQN-akkTf8Wc2iQ,-122.40277667055229,37.78846098976928,12.343077660
6TZrECrbULijNtm84Pw7Iw,-122.425215,37.801531,27.785421371
2HkCgE_-ZzJS6k5Gb4LKHw,-122.422573,37.769617,13.982775688
Xdx2_n3nk9Td_aSe7E5ARQ,-122.42284,37.77485,18.750112534
jqbikhp9VZck4drJvGgeFw,-122.265183,37.807775,3.990750074
r7hzfE40LUC5xRVpzcLjmA,-122.494400024414,37.7760963439941,64.172920227
7dHj1XDVA_7AYXTfp5i-BQ,-122.448227346727,37.769749367556,83.276123047
y-Mg6CbsiLBOiK4XH0mkpQ,-122.47699,37.78069,45.846645355
6YdpqcSN3ySxE7bHyFXbbg,-122.292444,37.851009,9.490268707
ZjMBJhqJDum47PO6J_V0Pw,-122.259986,37.875559,97.919181824
G3d-xJF_Rt-P_za2eZ1q-Q,-122.25817,37.86541,74.377700806
uN-FobYPP6yXx1d2MjpB9g,-121.884551458061,37.3322722130914,27.333257675
j5vMS1_MuSm09STC8aHzYg,-122.4043732,37.7961197,7.735861778
1hmoP4GigH5hG37-peOrmA,-122.2721457,37.8268934,17.869363785
nnHzZCi5hJNc8iPizlT8UQ,-122.4,37.78661,8.086727142
olHsr-uo5BxaMhg9cva7mA,-122.42029,37.78704,42.152877808
J43lVK_6tL8zONkwXsv46A,-122.256149291992,37.8277053833008,31.706375122
UEIjE9ac-aoutPZmEs1Qzw,-122.43893,37.78489,44.530178070
sv5xSrMRZmXcJWAKdqng2Q,-122.30052,37.87068,5.233369827
ABm90ju5wrscM75x4RX2Hw,-122.21871,37.78051,17.950710297
lqX4Y44HufHN86aKKlZjcQ,-121.90496,37.3561,17.848764420
jNUDkGjtbZcLSaV00Rsnxg,-122.27212,37.7999099,11.721438408
-ar3Lwi7S2R-ymq9vO8-sQ,-122.2477332,37.8120395,3.572397470
pWUaPh4yHqe6GekSzJzcug,-121.889120772981,37.3370318639,25.698646545
z4dVEq-RojKnS2E1Pgaa_A,-122.39129,37.77083,3.532331705
CtHQpLG3nsxei_kBPsj3lQ,-122.41104169046976,37.80005876447078,25.983514786
8oVK6iM82dBTFLb10LYkBg,-122.410663,37.747497,14.052151680
1mCwekSONaS2Xc91b_pXsQ,-121.8863286,37.3382082,24.578338623
H3WxXKnRarKRKiOo4wl7yg,-122.488825,37.7542,85.679046631
K2ghRyHMd0_wcgarG-IA6Q,-122.271820068359,37.805980682373,12.278232574
13mL2ubsel9-BB4oxa6MBw,-122.40502,37.7905,20.848510742
nurH79RTz7C41lMAg4N2qw,-122.411403,37.780832,13.506061554
tNg_RQDYV1fXmETdtzLE2g,-122.4083888,37.776119960062864,5.849915028
zPRitna7KuVxRJBqsPWo0g,-122.46245633226768,37.78010371844078,55.469150543
2RbfpwB4K41UXpLjxMtNIg,-122.4424,37.79981,6.594749928
dvEE10ub-JQ4EL0bmMTwhw,-122.441079,37.715987,63.778530121
uRxCjtTvJpcrD510tIDKcA,-122.414512634277,37.7603950500488,8.050765991
v14b6l-JPRXXaC--t_jU2A,-122.271397076547,37.8007280385484,12.551420212
LV9GJW3NCHgMRbnWo_5xgw,-122.4215,37.76401,14.556995392
IRD_9JUjR-06zztisuTdAA,-122.39409,37.78781,10.864809036
FN5KWmNXUskTVPq8rAERrQ,-121.89176,37.3529399,19.807769775
v7Gh-04FuJ_QCbzSaFt-fw,-122.263658,37.798559,9.173018456
zpJ9qABt_xhA6G4-qMvUrA,-122.422582,37.765133,15.763532639
upowc3_i5OTDFpF1WC2gSg,-122.40849589873338,37.776615540631234,5.802077293
MBt6Iw8xLPMXGjuFmf3b2A,-122.41506672,37.805335,4.361884594
KutHWQT6Ha5ZRplvZ5mLXg,-122.459450103343,37.780943,61.818088531
m8lj6Q-9OkNjFXzU--etIQ,-122.398062,37.793949,3.782179832
Z8suPIlju1PYJLB2iu8wjQ,-122.269981384277,37.8686599731445,52.922710419
Se1xmgWc4JRWPG5MiZFzNg,-122.39425,37.78044,7.751567841
O9ut-lJGzw0QamVJ8HKH4w,-122.406057321507,37.7866283657442,15.227353096
BWoLO5LEMLyraFyfwsn6fQ,-122.402736,37.781087,5.121542454
1b-ah_0MKLG0kdMLXEsiLg,-122.421102712961,37.7569076835189,22.049655914
r98ObvWQyijbRXOPCKXodQ,-121.88674569423388,37.331286795492055,28.099508286
9xcvXbVRlz6oYlNqcnKxZQ,-122.387460079162,37.7876182772597,2.110113859
ITU_Z-eVBJuEQseaKWloBg,-121.888344,37.330315,28.500652313
8VurRDEj1RpimenhgTmyFQ,-122.3924,37.77882,6.662999630
1eAsXymTAL-d9i-jvg3alQ,-122.45015,37.76529,92.973922729
JbL6jiTBFZSVwUAlw5Xiag,-122.2675353,37.8069308,9.709568024
VLxvHFnBhcvMSNkMOgx49Q,-122.4195196,37.78588011812357,38.143444061
rSLMK2uCRM21gNj2cvvUWw,-122.41306,37.78788,42.313674927
pyGExra6N_neXBW-K9xrbw,-122.268759,37.873427,62.085327148
gFrG8cIVwuSBa0nfVnzyWw,-122.437033876777,37.7715238183737,60.879173279
mLZXUVABNG0TevySSm-gzA,-121.9082,37.32,33.662055969
62WfmdNyLWyR2aDVGKJKkQ,-122.285025,37.8061539,7.896571159
dt0nffJ_d5jInX2x_jQmOQ,-122.47567,37.76338,71.703071594
r0N9vb7G4Us8HEG20v4NkA,-122.418481707573,37.7517130225897,22.547271729
9e2UrZrwbWsTyN3hWyS6Ig,-122.423157468438,37.777526602149,21.023082733
JefmkRwkXMI8gN7OOgwCdg,-122.261489331722,37.8046460644673,3.132077456
Pv8une3u0YMO4r2q_WugMA,-122.3862964,37.7690145,3.468622923
GfXeHWZ1GeGJHqPzZLMFiQ,-122.399206,37.794151,3.595910072
LG-PMU_e1xOdEuNB9TRBSA,-121.9054482,37.3319882,27.181442261
bdfCmpQtEWBeofVWPrzFHA,-122.27520960169952,37.80575105154199,11.728145599
hlpx6qcaxcq8k0iTwiYl7Q,-122.29141988575252,37.847142544766385,7.347345829
bYWDU1zI7LmIitVz8fl3RA,-122.419924736023,37.7876998366257,44.302516937
_Owog3K3zA1zTvCgVdDVWA,-122.26749,37.87198,59.780792236
8iCT68sz4XDUdf_xY3s5kQ,-122.390214,37.779843,5.477616310
t4WcuNvabx5OoWYv5YOZkw,-122.41911,37.75196,23.612478256
Cgut36blasZ-Z7-K-Qj15w,-122.42021,37.78704,41.555236816
RTMeCUm9y6Lsz6TGGERPGg,-122.411045,37.759246,9.163755417
cvLRe9npuC_BfpjCavwurQ,-122.25826,37.86818,81.807716370
cCyOuqEJ4fCceZnykiw81Q,-122.274880228641,37.8015070686359,11.844371796
YU9Fj9eaDIpDfskCrGAkdA,-122.40070552399,37.7821754516058,5.760026455
st5qY3_3ZzkBzCSHoyCbWw,-121.90299,37.34147,22.663122177
YDI3cc5EoDA34vBf-aDooA,-122.4220293,37.7649287,14.653338432
yRWFtHIh6xg2xg2fL6ertw,-121.8867012175794,37.33383944389257,26.555566788
FV0N706peh6ZDA-RK5j4-w,-122.4225311,37.7715912,15.871269226
iMsG5QXTsH4DL3P1IyaXDg,-122.41816754110528,37.775703939968864,16.176668167
BOCJ5g4q1RhP8wikwwr3Ow,-122.258307339617,37.8681298970289,81.589462280
cRhY8foLHHrAd7hSrmTm3g,-122.2702899,37.803853400110405,12.726202965
vuJcJL8eJ_gomt865GnI_A,-122.27067,37.80355,12.738416672
I0e3MRYAn_tC8KO4P-SpyQ,-122.2642886582838,37.81198956778803,8.158053398
xsG1SSVsm0YdL6-PaoKV_A,-122.39949749325407,37.787336818346176,7.279595852
VKewarQFZg8dgU3HX2ljLQ,-122.399420589209,37.7910226782124,5.300592899
jMIoVGh2as1iug0kBB2Jtw,-121.89398324361404,37.3363348114899,25.914976120
ey_UUXdDMUoO77QIF6SGaQ,-122.41439,37.78686,36.370182037
MQEq1IRbtLNktXsVwtnxYg,-122.25612,37.80895,7.408091068
6Nal1o-ch1rlEz556b5qCw,-122.391797064939,37.7681864403392,4.997922421
CYrhzXXVDT_oCOOPv2fHnA,-122.26664,37.80609,10.428710938
7KfyIlekkedeCkHwPJEk1w,-122.26935881819846,37.80909114524144,6.758885860
pq3l9iZBT1P_fv4H4S01wg,-122.426542719978,37.7631378431423,22.765457153
7jSb3xzlAGcf2L3TaI5uzw,-122.26904,37.80235,12.892108917
yDKugNIfw3EarHj2gH6FTQ,-122.405964,37.777792,4.342234135
Ncev9Cz35J334sf6nrkUyQ,-122.2560384,37.8086305,6.976188660
PmBF1lCv420wtrJAMoNKog,-122.260565,37.875807,102.287841797
8srhgHr-EjPZcFPTf-DkkA,-122.2677994,37.8377609,29.991239548
5r5R1XN4j7d__Jvw3vAp_g,-122.418285,37.752947,22.298906326
ZTocvrJNFdVRz3NUToXaVQ,-122.4502686,37.7658664,92.827796936
zkXYGZfHHwNAwuX6OwvzPA,-122.431519,37.78275496,37.131340027
d7TabK9kHSKJ6376UvtRKQ,-122.2526898,37.8514837,65.205566406
V_lg8ITRNbKpfeqDRIZrKQ,-122.268364,37.874202,65.144073486
ZogeWR9ALbXlCOsRfPigiA,-122.26293,37.83592,34.880264282
6wUNarxe7sJTriiqLjZHAA,-122.428533956409,37.7979315072298,27.869361877
TWOVAp8Og0qUtC_kMcEh9g,-122.38746723066588,37.76871121499592,3.677974701
0x_iVQeDq7YVMjNGUNuloA,-121.88759,37.33725,24.856086731
A0ZsXhMc0WEfSnNQW6knAA,-122.2935986,37.8411224,4.009119987
u3OWYv59pTAybWnqe6Ymtw,-122.39385518779056,37.78974535653059,4.468001366
UjjNgzBFAVXF3iVXPVjH_Q,-122.421082,37.764696,13.036806107
V8ioVq1yddBXql8ILfNq5A,-122.40185,37.79034,9.445308685
N3dmPvf_Kq9Y4I0b90BzKA,-122.265670776367,37.8467826843262,38.378704071
yvLAnazK0lcRDnNdEgZdQQ,-122.402135464032,37.802455400051,4.747027874
InXGPCtcv8was2QXlQXZyg,-121.88689234434248,37.3305389,28.919206619
L9u697XLHWZCYdgsY3f15w,-122.26289003497044,37.83613171101496,35.337997437
8qzpTxD9tw3hdk8MbrCvdQ,-122.41971,37.78754,43.656169891
6ubr5jHmcjZ2FG4RY-plZg,-122.25839,37.86691290006712,77.164466858
j3v6vt54RIsWt5VKPl0Ubg,-122.283178,37.8555262,20.207366943
vozKiXdySs9J7toN-tIeSg,-122.40656,37.7888,22.930440903
ZcF6AIgJAwnI0wd0qWuvag,-122.399088,37.786627,8.149632454
EziYeY5tc3CVRLPXF-_McA,-122.411804199219,37.8012275695801,20.781284332
9HAPEyt5SNOrLSUPNwcM4A,-122.2825872,37.8737688,33.987503052
pjUYoq2q9-lrsj_dVNDDgw,-81.62492371,26.60797691,7.083688259
ffbOEMy_gw8AVmxS0m9zJg,-122.393784,37.795841,2.250192881
unfNptfdTK4SnmhFqJWclw,-122.420770302415,37.7742898464203,16.589765549
FroRRBJvJHosq8wM7BnmCQ,-122.42215,37.76466,14.710416794
qZCUoKQQ9_-n5EYB7oCH_g,-122.29182,37.85944,14.361299515
C9nyF_0GMUBwVjC2XgeIFQ,-122.26827461164444,37.86925570423141,56.286331177
9hkKmtG2BruWwrqltt0Klg,-122.410724759102,37.781819251714,13.528696060
z0Yxy3I3I4an3KFMfvfKYg,-122.251846,37.843834,54.109458923
j9tMEV719PzFcc_wp8mzlw,-122.258168,37.8680525,81.181106567
3bG3JXuJHvejq3SUiij6jg,-122.4173201,37.7812725,21.770896912
jJaG5JKMWR1Cb8i2_ug2fQ,-122.45109,37.78629,81.757102966
ND5BY7eKMCeeu2kcQEwXxg,-121.889421168717,37.3369298871105,25.636693954
ov0LktyD3IHLKJx7fKkW1Q,-122.269239,37.876409,70.110656738
RLBwq0eF_f1ikbAQP1afGA,-122.21728,37.77956,17.176933289
FrIfQxXXPB_slcKt8SwdPA,-122.394959,37.795678,2.844996214
HuaZ0FOC5_aTe5xE7u3qxA,-122.25172,37.84401,54.179073334
Wu6cMN0k-PYy-eaikZImoQ,-121.89469909668,37.3489990234375,20.306486130
lKj4XgtSKh20UlHBVHq4Ag,-122.44127,37.71584,64.303764343
_WbWnxTfHmnwP9QuZvNQbw,-122.29241,37.86876,15.779441833
Yv6phdsWE8_LF4wwmfWtQw,-122.394074,37.776819,3.668001175
DvmgdY_ZVuzL3uM16RJaWw,-122.394187,37.771806,2.135391712
1ZB_858ZDO1yOxv3YDg9dQ,-122.268387,37.80309346557416,12.022854805
WxxE5kE8omgQhJE8sWIvmA,-122.399468217791,37.793431560349,3.961143494
bX9oEDq6qvQuuf6sxbfwVw,-122.457202844106,37.7657496362728,88.530776978
H6jEWhnxWlzTobANR-VNJg,-122.40282,37.78852,12.625235558
jlfRzbNxfwlEMqZtKKwmMg,-122.40541,37.79601,10.967641830
HMOcRKNAFDORFqPY6XKNLw,-122.27006,37.86903,52.952644348
67EuvzPV_trysYvTYfjJUA,-122.477947957814,37.7543516032916,105.706642151
J7_-faNq_Ag9qTOlDn81Pw,-122.4325722,37.7640754,39.703620911
bJNVd1HqilRD3F9RO3t20g,-122.3983826,37.7649017,7.481377125
A0AG2SpXxkIyq6x8HyTuSA,-122.455533,37.781106,66.769020081
SAMlAznCc-j186SxyuBiWQ,-121.89644,37.31112,34.785480499
2Q96UKpymqU1oJl80FLTpw,-122.2237464,37.7760555,12.397262573
BtWTcdCnC0O5EBF0GgmmaQ,-122.270810277604,37.8024705,13.334461212
Y6D43boKItksYx_d-RQL4g,-121.88498022961836,37.3336181312608,26.600835800
6hi9S4nLmAmk0KYr_EFNCQ,-122.425114139915,37.8022659569979,27.892784119
ckODORoRx3w9UHu8Llb3Pg,-122.42335,37.77792,21.448659897
uBLYT1Mo7zdppt5VZB1VrQ,-122.416183,37.786563,36.489673615
zSA32AX3KUury9bjYhZhAQ,-121.889169216156,37.3361645751218,25.955577850
kOYj2sGMZnyC1lU-_Uw5fA,-122.4520399,37.7691434,85.674537659
jx5qkuTME8AvqEq8Bx8_5w,-122.289638,37.839237,5.885058403
hVcc7ucQxuHatWKv6iEsew,-122.433775,37.804486,6.317433357
kuVHFc71COaGkSj_PJRlbg,-122.2690369948814,37.87987823016088,75.960212708
-rWpOYxWFosUUhIxtH1bEg,-122.39918,37.78782,6.867591858
s8bOj0GR9f0GszdTYNCXeQ,-122.39385518779056,37.78974535653059,4.468001366
bI0djBt4exAWQQOxaVexDA,-122.393617630005,37.7953897580148,3.105343342
6YTw9_U5pHIVDvXPw-q-Qg,-122.288973,37.839245,6.132424355
HK3nBtBvGX0Wco1g3krMQw,-122.45811,37.77564,69.410835266
oT08T3Vpn1I7jDmrBBRMTw,-122.4225,37.79338,60.474769592
PIuoGtcmudwOi5SnnvLeKw,-122.391078,37.771131,2.907608747
p1qN6nODUticFuhPi3R8ww,-122.411918,37.769775,6.226015568
FWnV4Xuv1UP5-FGrr7aW4Q,-122.411448,37.75953,8.829527855
N2aC6__-NJ2GmDiUaxHqTg,-122.45133,37.73125,109.937431335
sflvxUNORrbTonAeuAhGGQ,-122.40834,37.78895,29.704088211
f7X04UmGHHHvJuxTnAeY8A,-122.25177,37.84106,48.751991272
T-exGKpJAILT-5mTwuDFaw,-122.43997,37.77326,62.891025543
p9wZ-PH1D1zZFBqqS_8Srg,-122.2526794,37.8260074,31.758625031
hWE2CDphzZ3nXlwv3Uk6Og,-122.39341805559232,37.77557759694534,3.484655380
RmSm5ps0zgYer9xxApBVrQ,-122.47783,37.75436,105.553054810
8MMhiZdt1QD4r8os_hKEvg,-122.43785,37.77675,62.676704407
sUrNF-1HaZ-kGRqzZljVEQ,-121.895777,37.310547,34.927467346
1QLTk6MMoKf9MsElJlmOYQ,-122.4135075,37.80564667,4.580589294
HgTgr95VqKsxyPqcSEgcRQ,-122.27035805583,37.8699401021004,51.966869354
m0pVAAYXrmRXOU1jA1eZ_w,-122.263755463064,37.8014472860618,9.274347305
9N684D-RFrQC0V4K0XvdxQ,-122.25803,37.86821,81.784774780
qrQ95drf9StqrfQbL9ocqw,-122.394762,37.794162,3.422985554
VZZfUnBQfLChOM38K4s7hg,-122.4207077,37.7740211,16.449962616
c70nh-BV7Nn_rnNXDXnABg,-122.41452,37.80308,9.274698257
bHYYedvLLo8oh8Dx49qrww,-122.394764,37.794151,3.422985554
hguZvr1eDAsxK03OrD0K9w,-122.402881,37.7890063,12.996865273
-7HwoaCl8UYLj3YJgPg62Q,-122.25931,37.86805,79.351112366
vJf8_vSpuMl-rgVztJkDcw,-122.25214,37.85003,64.070343018
jhD6sLWe_rmPlUiCoWA35A,-122.3904898,37.7804082,6.578312397
TCvzZi55lnXP9bDrJdPARQ,-122.395903082158,37.7949441792413,3.453880787
FEMshd2FFsrb1NhdB4QuVA,-121.9042358228896,37.34095832689801,22.311861038
UEybgtPRdasVeQUffLZsXA,-122.43994,37.7856499,45.744335175
821291y9madKx97sGCjYsg,-122.504703,37.753204,14.908082008
ba82pLmI2zFk0ayiCQoPJQ,-122.4798127310173,37.76365953043274,67.446319580
JQPJ5FhcXomdNq_uTvdy-g,-122.4211583,37.7439692,31.297800064
sZPWB4TTX06W5Ht5kv7qdg,-122.46708,37.76384,81.094718933
rTLv1Zlp64bK4BOe5SRjoA,-121.89457,37.35312,18.941547394
bmN8MBIEwdfvBlKJbnVfBg,-122.26923,37.80211,12.985006332
YOwHU9g6icI-vJ8FM4K51w,-122.391709,37.77076,5.118356705
7iuGZ73QExZmZuzH9pgiJg,-122.40875366505183,37.78620832067448,18.490772247
kZ8ck1e5NP-Y84hyWL8-dA,-122.39374414693262,37.79655133261973,0.050000001
3R-jB3DJoMlEjR7RInGE0A,-122.265079,37.812073,8.159483910
APJnrvLxV1WqA-eh9f61NA,-122.38921758,37.77134965,1.942603111
brF25PPg6s36Py07zMUTZA,-122.421584,37.793624,57.992748260
Ieic7-GdwCX7jLYQWO7CwQ,-122.479977,37.763251,67.907936096
UgsJIaaj1BkLOiHfUX7JRA,-122.416714,37.78642131373606,36.234565735
Uv0rM1mX1bgTx9iKNvM-cw,-122.397756117444,37.7866830420585,9.031713486
S4fHhrLobtoWWCj7dcS90Q,-122.42147,37.76368,14.027167320
xFZ-Z_Y7oE9sfjTtNg04EA,-122.40043679512,37.7888469705984,8.160184860
O5UZcRndRDB1AH1B_DkHLA,-122.48289,37.78186,41.102611542
cd4xItFxxliR0Q-f2Oevhg,-122.401022,37.795823,4.074025631
chdZtW3cNhdRhH-AwZ8I1g,-122.40294,37.7802099,3.700431585
Z2xkNUrYprQ-2fPPY-NnyQ,-122.225708,37.777306,13.441821098
f4WbbgnN_oIFHssKRImfMA,-121.89432,37.33651,25.736999512
cHXUlbZoU-h13TNy6-0mJA,-122.3937478,37.783772,19.884710312
DuuNS8PF6WsIhTUY2zuHDw,-122.2234991,37.7838454,23.000362396
mfP35-st8UIqwWuSBIr3Og,-122.43993,37.7162099,61.995040894
cG8i_Ttq_MVGd7Ja5MTysQ,-122.25803,37.86821,81.784774780
I0KkA7tnubxE0SAbgIrSPg,-122.272842,37.871764,51.675811768
qQSRxf9okkAN4G9EFW9TMA,-122.414536,37.759864,10.007234573
l5wjX20JdQV3_8KHKaQLLA,-122.39703,37.77821,3.419182539
4mVMwclZHwh2Jg94GvBznA,-122.254391737014,37.7999052278223,3.280082941
Z_46ayoF9-CGvPI1krs92g,-121.904991,37.332295,26.727045059
29ys00My-dBVpBDIO58ifw,-122.42124,37.79433,57.426914215
gkB6HzQmAmDcypJln_MqLQ,-122.47846260098316,37.76362836056919,67.872161865
hqZMDIeGgFSK0d59QFpgJQ,-122.499919101853,37.7652068408278,25.993871689
GB0lBlVMdQrUNjmzRzvExg,-122.2693493938658,37.802900613862455,12.494959831
7kxxCCKMtSMnafSwcaRnlw,-122.269106,37.813087,8.538179398
afDaXKW7-juSg2wd7jxWmA,-122.398822,37.791889,4.287121296
h96S142gjdouVcgjsDZNfA,-122.4022431,37.8002258,8.690080643
uo-8TOhlBbyA4V39hW4ZqQ,-122.252294834414,37.8510024077358,65.208930969
GmhbMbouyRENEYofqJAHQw,-122.263286,37.8341494,32.750823975
PzPPcGVg5O4UuW5cTopJhA,-122.40291,37.79686,7.402116776
X1XdSgiNBAEwMrC7WeLO2w,-122.424194812775,37.7740082144737,21.759290695
4BEynSrSp_7TkTmicqb8ew,-122.395201,37.795127,2.866027355
iuOjXmZ_C88EF0LCtoHCUA,-122.391614224992,37.7734805146623,3.589326620
CTE5lnXUYp4xidmh35knNg,-122.438271045685,37.7756673618778,60.068553925
VxtDQfBA3ECjTUO7CG1YXQ,-122.41129,37.80135,19.843908310
lwXYgmjVEaQslOeqKPurag,-122.410121,37.7752,8.192744255
FAe40I-X4ZmXTAekXfTmmQ,-122.41306,37.75114,18.250379562
ReeiGTEamR1ScmzAdH7s4A,-122.4221,37.76402,15.139299393
bmI1NluU4yPmuK7iA6wang,-122.399562075734,37.7905995481676,5.653717518
Q25GDNRvf4dKzgwWli2oCg,-122.49808535767012,37.77545984012968,54.766597748
4rXyiTBn0b9xiuKkHoJ32g,-122.421375,37.757149,21.634618759
d02DobgJ7kyspSSHz6NrZA,-122.40105,37.785716,8.968553543
wiZfsw1YQL1ajxCWB12q_Q,-122.265520730655,37.8113271276519,7.799764633
bN2kWkTxmXgtOU-kMRkWWA,-121.88606953159214,37.33178639552682,27.092481613
Tcppxj9jwP7MXUcunIdSjg,-122.4187733,37.7858818,36.497367859
oEJPe3ltDA7Hh1bVf56s7Q,-122.412386,37.787539,36.559379578
uAKTiUnHhQRcho7bNTfqOg,-122.399925009423,37.7958388967398,3.701906443
gaecQ-0y7gjt6BdfRb-XlQ,-122.25139982536,37.842325460667,52.942550659
FVF1-v7OiWomCeYGK-md8A,-122.40227,37.80286,3.992858648
kfQT2FhZ2pJ40e4ez45feg,-122.2523306,37.851133,65.258712769
Nupfvm9qPbKFRLkGf8iWwQ,-122.4349293,37.7970139,23.265892029
t_flm6D8DvgrXpnrlv8_Fw,-122.2723835,37.87182796022107,52.887947083
EZC20Vg_eFZwRmb7Fr-cQQ,-121.8671572,37.3649833,27.283535004
D_2aCDE8MPaDHifObRi9oQ,-122.411379,37.780841,13.526062012
dj4f8sp9VXC2RMkfeYNtUg,-122.4418716,37.7774614,70.702194214
31h9x2wqW_WRJ8t2E5HObQ,-122.431005,37.78518,42.603065491
YEHC1eLJtbJnycpqecQ_uQ,-121.906453035772,37.3612504208609,15.651143074
dk15CDQ2HjZSwCGBI_DyGg,-122.266989,37.871994,60.643203735
p_sUJZmdqproS068r1H_pQ,-122.2559986,37.8283031,28.919595718
lKdg2_B4v0mr3irBzeaHWA,-122.40457,37.79612,7.460645199
7HaFqIesTj1IkweMECAUzQ,-122.25836,37.86538,73.534568787
TNAY1MEBDO6HiYA3SYrDMQ,-121.86936,37.34601,27.893825531
Wt7__6yCd4SEmAS3Y1a0rQ,-122.405674159527,37.7948013693094,19.024967194
s-VATOFLJeb4nAJC2W-VPw,-122.2538778372336,37.7999322365235,3.261657000
AzFqspVE3gUWYaEselXLUA,-122.45966259993912,37.78107129493808,60.959716797
7riqoD4pIgG3mTcUPbe4iA,-122.2105452,37.8262288,185.737365723
mdVq5YJoRhbQl2DD9BPQHw,-122.43366,37.80384,7.568565369
4pJDRTgAP3TdPNoAFq5-qg,-122.43629,37.759856,44.757926941
ZzlQeq0FH1m8AXoHF3qnpA,-122.42628,37.77569,25.067295074
Lyl7fmCru0IAk0vl96KPfg,-122.4116849,37.7764894,9.740400314
_7yo9CjgkbtasXqoQ6lM6Q,-122.415814,37.778303,17.684961319
K8bC9zr0gXtWDw8tRmcLQg,-122.269600530863,37.8527546761124,36.813903809
oAsexALiW23k_eulQbbd-g,-122.421309091151,37.7587659112424,18.607631683
fpTYivIP4mNJcyp-xFOnag,-122.4568527,37.80192419999999,13.919133186
oUsA3iW3Kf_350GX62oDxw,-122.389390669214,37.7897583905014,4.878332615
7pmwRZHGCVK-PA3g2zySVw,-122.24237007965452,37.81140336943842,5.735603333
LMkjYjW17gyckgGVxEmVNw,-122.25998,37.87558,98.179183960
tbOunc-5KhixBC056f6wTQ,-122.402036,37.793778,5.104960918
7rUZnmRVyCpq4TrB9Brsiw,-122.43688,37.7720399,58.104721069
NcUOPz0ByMWUPaHLS1KCdw,-122.40273,37.79516,5.426023960
TC5_MhBI8gpGwqTcqC9EVw,-122.39924,37.7298,17.878295898
JiHL2aXpT3gdWFI9RBlUHw,-122.26706,37.83686,30.362205505
bbDXbRE6O8BUbK3nyXdGCg,-122.50357,37.75281,18.679101944
DUCUpT6uqjKGTV8IJenb6Q,-122.261962890625,37.8044052124023,5.504179001
EebZ7BVakHz9PWQyCeHrKw,-122.398971557617,37.7926406860352,3.242043734
g2ktKLz4rNTi8T5WUEUYuw,-122.42297490884,37.7647290879634,16.662906647
v6iAL-bM8rjkL1E7jIItXw,-122.430849708617,37.7662780850621,38.465118408
g1ycmGtoAbFcL-qOXuuVLw,-122.420420772243,37.7743313308543,16.367427826
fEkWcFjBIfV65DcgVdwDhw,-122.44621,37.77566,69.844001770
-ltL2TH7sJxBYuDX_J0hxQ,-122.4035212,37.7948363,6.389031410
CYttYTEiQuhSfo3SEh79fA,-122.4216669,37.7683096,11.358963013
P0ffIvuqDtypCxrhboVHtg,-122.26937,37.87013,53.857082367
vth2jtXfVUCRJeIP680CyA,-122.431741,37.78501,41.981632233
nLjygswT_BPRnIxGj0e5aQ,-122.22162,37.78313,22.593334198
QaOd6dIYfOYPGBaQvpAtfg,-122.440564,37.715864,64.402038574
x25JnmyShVkWRtoW7zuhUA,-122.2655286,37.8492207,39.962814331
3UAvaD-J_hsT_1VN-aam7g,-122.256052318625,37.8089221060393,7.249903202
Xb5IOfrx6iehMhipzTlQJg,-122.276029586792,37.8061983823568,11.294396400
5fBV99B5gkUljaMHgyymBQ,-122.26955,37.80845,8.027978897
1K0FSXnvCDw6NP6vHGn9Fg,-122.274207,37.800615,11.194694519
g9gNe5S0nhKOIhehM_AjNQ,-122.291282,37.846674,7.125082970
vavslHAhF1QCjHwMOWmYrw,-122.3947878844176,37.79420664987414,3.386075497
jPpF-XJBsBOLhkxG9fFOrA,-122.291652,37.8465773,6.918925762
ZWvCz7LBBDVwzPPhOdQBvQ,-122.25877832023774,37.868621389133715,82.320098877
MVBVTAG2iJL_BX0sqWAmFg,-122.392822,37.778534,6.773610115
dNd0dS4q2XKERicSa03Fsg,-122.39903,37.78153,5.605345249
TRBP1G1l8vZkjgfqdx96Cw,-122.413699,37.787823,43.837886810
7Q6DNiNd20yIr6RPEL3z3g,-122.394263,37.790398,3.831251383
NACoDXfK-JFPQYAa8MiCpA,-122.42309385061282,37.80569458716262,20.494600296
RPAxfOpS1KBoi7rykX5GSA,-122.248272542247,37.8092571925559,3.866084337
cmKmUDtAwZvGxGqb-kJ0Yg,-122.26976,37.8082,8.770045280
KAHDxIOccnc1P1m5abjM0A,-122.40215,37.77607,3.590332270
RVQxCSC3uRW_V6ogqYOjbA,-122.48196,37.7824,41.460948944
b9gCiuBV3bWah3_HbfCjww,-122.25652167835342,37.80928891900069,8.614393234
9g4GziBacdIgfPZ-bve5tg,-122.4029236,37.7891273,12.642644882
-MZ7wTyuNTH4Tiz3_uwtPQ,-122.39045,37.75007,3.964575291
gRVUfxPz1rtVwcrXLDe1yQ,-122.43147,37.76527,40.002578735
lbfGSlh0yCFskSD-hRyD9Q,-122.262899,37.836019,35.219367981
6PM7dYiQtLTA_jGxIN_6ig,-122.4007804,37.79803779854307,5.589174271
8TOLDkRbGh_hVixfcdQ6lA,-122.266137,37.80654931621579,8.647130966
pODmfAypXKGYdY8oUkxdiw,-122.26837,37.87348,62.116401672
uGM7PAmP2utWXjYcZkVpQQ,-122.413452,37.76869,5.506036282
LmBPTn52vSmaCTpKnwSJ4A,-121.8889264,37.336807066738864,25.611631393
HhKcaEsGtGaO3wU5cVGlTA,-122.26125,37.84502,42.438148499
CcpjvMWaKbTwFO0vmR1hXw,-122.2520120708214,37.84953140577447,63.366119385
43yq6WbtX0t46yCVO82A1Q,-122.45047,37.786633,83.421684265
353bun0151fMbR3ut2d-nw,-122.42268,37.77714,19.867839813
Mnad6yghLdBkNXOLFJbflw,-121.909580826759,37.3620522727059,15.605728149
UQiHNnc62xhT-wkAnTq3iw,-122.2668899,37.8067785,8.623699188
OjMumhyL26n5fDZ2CQLnyg,-122.27126646102298,37.850300662973346,32.834197998
9Pl5BKvxgSAHnPncttOKRA,-122.40426,37.78562541704066,11.182117462
lNJ3QmAcDWhZlYQqA3dAbg,-122.426462422674,37.7439481975966,39.563999176
3fzWpzUPd5_3kHX4OERnYg,-121.8831437,37.3186372,31.857769012
D2wNghkuR1c9t0teBNEkeA,-122.26567,37.84678,38.378704071
JZ1CWLfJ1cm6fuHkU2vo-g,-122.42159,37.76517,14.119969368
6ZQADFgK-FznVEAdWDDFBQ,-122.252917,37.8583603,78.351890564
DR1m_dNqLR_-QP3bTgK1yQ,-122.25225,37.85007,63.942413330
cFTXkg5aU2rLJPBpsL3pmQ,-122.43229,37.78492,40.420642853
mxklgb9anKRXLhHMWN2qcw,-122.42065,37.75515,24.789670944
JWAa8YaUP6fkUrkKgREXog,-122.476089477539,37.7310256958008,61.219100952
I2B05NZUgigDU24PtTvlwQ,-122.39138,37.73382,24.721996307
3IPHiyXfwdN7lwz5qqotJA,-122.4189438,37.7523605,23.191745758
7IeNBZodKmN_4-2hqYP3dg,-121.88677,37.32981,28.684938431
1UM-dA8pJeUKT6aCpEIGLw,-122.26009,37.85544,57.452598572
YbUD7-Z2Be5thHaybd7ssQ,-122.392967912689,37.7791800203336,7.061405659
VxAdoIGlwAl1285TcLFxUA,-122.428533956409,37.7979315072298,27.869361877
Qv9uCarXHARRCmMvXFzalg,-122.272785276959,37.8717675504509,51.995811462
KCpaMMHX0OJfGwl99R_XAQ,-122.4024977,37.7766891,3.433407068
XQOQLjQuL8RP86z59sXNLQ,-122.260418,37.855461,57.756069183
HzReUs8NWZN15ntyHfH-mA,-121.88994384395808,37.336321680671986,26.198167801
ofFgj0sd8iDQunY00hhDVQ,-122.420435,37.75869,17.893417358
Ue9vnQE-7_o_SZxbB_FX1g,-122.2722121,37.800593,12.231412888
E8T1xk8g6tqEYDnDxDP0Zg,-122.434875488281,37.7859954833984,42.535949707
BTt75PW0a6-4IF8fkDlcQA,-122.4050674,37.7529526,16.969585419
WQhQ4-Pv9j9Zz44vKNn_Ng,-122.25832902883556,37.8653355,73.665527344
afBjDUDJ29UEz96uZD27mA,-122.42267367456512,37.805525120870215,20.259819031
DzoV-NeHuaNP9lHaWlx4rA,-122.42119,37.75446,26.312355042
XCC2GEmWwwsb6LoeZLaqXA,-122.39475,37.79435,3.179549694
v8S8F7_MEdFWsqMz-2Xh6A,-122.41806,37.78181,24.432004929
qa-JvN_UfE7wYB6zkCW3oQ,-122.42244425294425,37.805856334581925,18.256729126
gJsUMxHGXkEdN7hIMhhmKA,-122.391335,37.782641,8.906695366
5W6AMZGsvXSjGZ5WPLZ-8Q,-122.4207077,37.7740211,16.449962616
bENuHq5nDdvSEDsIxSBnQA,-122.452903747559,37.7678833007812,83.181709290
FAHEskh1qZG0kANtkiBEOA,-122.2535148,37.8000947,3.494354963
1K6qPVNe963C-RUezBGJbg,-122.40099684724306,37.79000193357668,8.330129623
BC5aw6Kdt6pxz02du20DyA,-122.4193,37.76483,9.896912575
nyDxQYZ47sMWT7xgDnqscg,-122.418809,37.76013047576696,13.451375961
V8LtjKIX0P6tjfQoVg8G8A,-121.882359925066,37.3311364597679,28.970283508
mrjzaDD7zBYUSYxWNLhJkA,-122.4076962,37.789151,28.544662476
j61UgAqA2N1xV4maboQkMg,-122.42252,37.77818,21.325860977
csb6NEL5gvAHPash9FZo8A,-122.2840634,37.862045,25.453298569
g0VCHer2uE5NLOEdblZuSw,-122.41951,37.76047,12.444715500
sEYdKPw638XJx_i8-QCnsA,-122.416577869705,37.7766421111881,16.899362564
U8V0UgGCOQMWbwFhuRwz4w,-122.468304647267,37.7638015938383,76.947219849
34uRz5cJjNotc2qbq04UHA,-122.422752878679,37.7721648276635,16.879507065
awuOZS3HTV3yKAS2RCfM7Q,-122.263658,37.798559,9.173018456
uAVg1yq5kb3Ia2Ve5_K5HQ,-122.419558614492,37.7645299583673,10.045166016
WbIsT-cZoYG4R_h5rgJJwQ,-122.262936,37.833517,32.196186066
3uDZIHnVllj8-qYAdl5SgA,-122.40793380226,37.7836498909161,10.646435738
j5dF_WWOzfrDDhcPcRMMRQ,-122.412559,37.763261,8.596514702
nEqckxdEA3Ebg9o_UXPWqw,-122.22437557330238,37.776048426054906,12.210047722
M0DKlZHfZP1eIwDwzIZ04Q,-122.26049,37.87526,95.371574402
itdqHLOTPxlLuGzDZ87RXg,-122.444320009446,37.7249720087517,59.428077698
R0jjX7eCInDiWPAwQdGm5A,-122.252114,37.84371,53.810886383
7jCbynLs9w6C_ZG9vGjGhw,-122.44146193004,37.777294112938,70.780151367
E1afEB6othmgSJZKIqeMFA,-122.422628,37.765098,15.835411072
4gmDsMXsH_6vTB_Bjysu9g,-121.875863783062,37.3330919691377,28.105836868
jj8XB8zmqlhfyRWwPUcWhg,-122.40387506783,37.7939831959712,8.797659874
5OfpGqdev5KN6KGWFZ2t7A,-122.212187156492,37.7733301262592,11.064364433
4Tk8ftBvRom6QF3IiNOk3g,-122.4831100607584,37.763208436576704,64.491912842
2HY8Z7uRLv6bQAjt-71Mkw,-122.4188656,37.76037234249909,13.153827667
6BHYuh_vtjjqnG4i9ijnGw,-122.392538140793,37.772245171593,3.119374275
mQRZTGs935aG52JirkDQKA,-122.2915624885,37.8465154596903,6.863261223
huk7njvrDyP8ZBxW9Kk19A,-122.41868,37.75134,23.219625473
-h3g7n0ZUDcp8fcp_ffj3Q,-122.4027029875,37.7885210112459,12.236636162
1DhTFr6fge0N-1pUsqawTg,-122.275701,37.801185,11.237422943
L3I8TyRG4STQX5IAqGcuIg,-121.8837662,37.3371335,25.515026093
berEiBE0fDM-HiYFEAf-Ww,-121.889591,37.3361378,26.242755890
2NLu3w_JmtSaB2LyB6v6KQ,-122.3918424,37.7912413,3.504487276
JO2EXdFmxH0qgD5WU28Hsg,-122.4389,37.772839,62.428256989
u99k1j8oZ7tCHWEjsgsCXA,-122.418809,37.76012650760153,13.711376190
qseuvN1IIwRBBtvc8Xq-DQ,-122.39885,37.78703,7.802822113
-zetzVfO4X0dpiiTmjdeKg,-122.430685,37.764058,33.912174225
12FgaYRXO4mtlYvMLUEPoA,-122.39885905011,37.794957302451,3.644604206
1xfFqq2009ulBOA5E0h86A,-122.408807842493,37.7758129062587,6.490976334
HS0IooRPxiu2OfY8ICOhVQ,-122.26976,37.8082,8.770045280
i-hae3Yu-Mt3yweyfyU_Og,-122.2563553,37.8088417,7.149147511
rj3zIk7t9ySGMxVGGTA8gg,-122.412287082989,37.7879880715968,38.691627502
P9sfUsFZeM1a-K2f7Nruwg,-122.24724,37.81198,4.088877201
KKD4YiUXJ__ihFgUCJdo6Q,-122.43186581534142,37.78521311839184,41.805641174
w-GzHZH5medeGA6j-F5TMg,-122.2805067,37.87081647306118,36.630058289
Yt4v9nhj7mlxUCwhqaTrSQ,-122.43241,37.76443,40.741756439
I6cBxOdIa7_681lktpsTPA,-122.399089,37.797476,4.019386768
xz1p8uJ9dfh5YVzK_WNxzQ,-122.39906,37.79375,3.700546741
4NEo717I7LVxLrHEhNAe1g,-122.25915,37.85677,61.944869995
3ySBSjdwvJy3llhCzjcJ2w,-122.251569,37.843958918719,54.344562531
gWwZTJxOAvUC8nNndXnCpQ,-122.30044383861508,37.86981664034608,4.886597157
yL_n6fRus51CKQmGo_LT0Q,-122.39139,37.77042,3.049009562
uT8e6x2qzJFoZ9ndi-LLrQ,-122.420779690146,37.7443758398294,30.204275131
qygh8VrK58Bf9Lhb_qX30A,-122.2669585,37.8100554,6.626872540
ZvH13UVLyueXaApL1czv5Q,-121.91311,37.71604,110.055786133
oe73luVrU9iXUOjxJDqpJQ,-122.40369954330832,37.794278795720544,7.845747471
ui-SAyI2gGUf_sd6xM6PHQ,-122.26723,37.87023,58.723125458
dk-7TpgQGJebJh9t14J1-A,-122.416524,37.7770186,17.789310455
rFMrqzUoT8J8ksEw1m1Zew,-122.26861,37.87001,55.937343597
NI49vg3BRErnPDDytqgkYQ,-122.4664518436064,37.76355023655015,82.895637512
1wdJ1vJR_Z1vJebQGlZU3Q,-73.7257657,40.78664699999999,30.210273743
yuj03JWlXC9GSjucBBnwew,-122.47659,37.78015,45.972789764
PGBuMB1Ne9OkwQ_90YFq4w,-122.418455513492,37.7762308603436,16.959373474
AROCIT_xG30zqkdlkZQ0fw,-122.269053357078,37.8807928807169,77.676994324
WMYV_KzVsgRjOv1d-cBL0A,-122.269032,37.87978,75.685112000
_UhuqETj8iDO4ofFGG20BA,-121.89438,37.336548,25.719713211
Rhi8RfUxLUvtJ6UjMQMHOg,-121.880876,37.324610440743385,32.188961029
bqSZc4Xh2o253DZXr5QOmg,-122.411816,37.785843,24.406692505
wEd_EpADcBmG7WWopKgNjg,-122.27488,37.80043,10.960469246
bJraIGImZLSAv20-octnyA,-122.278122,37.830669,14.189477921
LMs63-rIlbFu9Co45bgHxQ,-122.39161,37.77345,3.409326792
QQuYGyeOLP17D4gUOIInlQ,-122.4470311,37.7977387,20.361473083
c1wdilVyoDpZgL5sbzJHeg,-122.404839,37.7946837,12.363782883
jFzVUHErXrxUvTKg2359EQ,-122.4765469,37.7302649,54.509456635
rDlZHmGNnbBQWf-Ujfc2KA,-122.48303,37.76354,64.665367126
Yhx_547E4nNYI2QfzsVNzg,-122.399481132726,37.790553525418,5.798937798
JtB6ja0K225a7dkfPLkRiQ,-122.39831333801,37.7840836132872,9.770404816
JHDwFuHBw_PsPdZu196q3w,-122.43157,37.78522,42.170269012
1pq5mmp71nXWBK_jG9VxHg,-122.405742555857,37.7945505827665,20.107370377
xOLWTlk1jM4cJtyA8NkSfA,-122.480882,37.78058,43.178504944
QwW68IFcGGufx13VBG5TkA,-122.24237007965452,37.81140336943842,5.735603333
t_fps32HkkVC09bwlujsGg,-122.4497285654766,37.76575033062889,92.202194214
OibWeZruuhnqx6FNezfczg,-122.27314397091192,37.79592594853406,5.790783405
0Sh-XNVgGDRwiN4K3UEQJA,-122.39095881165656,37.7898081,3.658852339
ntN2LGOt_TayuB64IKX9Ew,-122.27394,37.7951,4.448909760
9MIVq95YYLQyGODDsdAbOA,-122.4736572,37.7804022,51.167690277
MQv3nVGFKOVb8iFO9oc1IA,-122.41943,37.75948,14.106447220
ABSyNpMRatNSGmW7N-kWzw,-122.392731,37.729317,15.395011902
dUFTaeRogeNEfVQWOvaHWQ,-122.274296,37.795533,4.820645332
RYvOn4NbXZE6tL2PIhF_tA,-122.41701,37.77887,18.804517746
MFaI-6VxY3sayMgAaWG_Mw,-121.887156,37.331329,28.080055237
AHjpGuYlqpnQSNYKu6prOA,-122.419639587402,37.7771186828613,18.342029572
tbSnNbaAT11_tc8MWcYedA,-122.4324926,37.76115602909778,28.355791092
u-pywNLq06dgqR48kbFR9w,-122.394731178574,37.7941479027343,3.424360752
KTPTIUyR5i6pf9WJc5yhqA,-122.40871,37.78774,23.970243454
uyaJ0h-INWa0VSLBrbp8mA,-122.401843011043,37.7943305138881,4.859601021
5vPxA3Gm-yfaBXB_0kbGdg,-122.27498,37.80126,11.776617050
rRUkUReat1e2R0LGZCcClA,-122.4006037,37.7952483,3.991870880
KAHuF_-uQpyAajN8OjYp-w,-122.275195,37.805608,11.892241478
ysPYHVKN1sbZYVD5GLvkAg,-121.91105,37.32566,33.120952606
6fAyZJGnnK_JXju9n8PYOw,-122.42759,37.79742,31.286119461
sg8CSxfxP5fvPejJ5-tScw,-122.419429759224,37.7602016451832,12.603156090
MKqtBlDciknkwW0q_Xa-Ow,-122.458308262209,37.8036602516771,2.971523762
d8Kuf_H0V3-XyNOptuFG6A,-122.2786549,37.870574,40.599449158
3e9iBYKG_ro_5EgQJYP1xA,-122.269871234894,37.8028882294893,12.624572754
D1GB7el1CaX-22CkX94zfw,-122.4209327,37.75264,26.810363770
Q5Duqgemx-8C5c871RS5oA,-122.42029,37.78704,42.152877808
BKAfzc3Aj4AhR6N2s2P6NQ,-122.405088,37.790277,20.293498993
MkSCnF5mcuLW7kacWmbBVA,-122.2528797,37.8262209,31.917446136
BEbSzaJb1knBwXMPj-C4-g,-122.287069559097,37.8066052643795,6.475846767
6fR4Bli9ahQkPqPUfSHRHw,-122.253039,37.8587777,79.092132568
PHtM9VY8sm9vjaqHf04rUQ,-122.41114391804088,37.7732309493697,9.991645813
oTmNPSwnitD80lTfNOQfRw,-122.40756,37.77654,5.343183517
YDx6boZNSyR-AyvR4Xg3pQ,-122.3931106,37.78956950797289,4.998172760
0nfIEOdEmyVU-ZwQb6n6Xg,-121.886011,37.330401,28.634239197
pDe8b2Y2615M-2NhHRa-4w,-122.42271,37.7747,18.531995773
Xnm-vHeO_T3C7rfVyRMXig,-122.395457,37.784358,18.541810989
NJ3mCdzI4H74rMKiltpbew,-122.24723,37.81197,4.108877182
V23RBsXd2PNc0udFtpoYUA,-122.2673205,37.8072355,7.959545135
wGl_DyNxSv8KUtYgiuLhmA,-122.425717,37.761591,14.808211327
7ehA2CsXZ8NYzO05i7G2FA,-122.408847383956,37.7837259501315,11.967054367
YKzeun_97WAPZXNEUygi4g,-122.421409606934,37.7695999145508,12.646973610
ap1nzOspyzBxQXowIU8PJw,-122.2245222727823,37.77564791972965,12.216496468
7Ig7bW4hNfjUW9yJkpM37A,-121.894180297852,37.3492813110352,20.081676483
zI3WR3iVxjnVaFFSItKKfg,-122.222378,37.78349620943777,23.095109940
GiSvj5G8TgOlKPtunkduKA,-122.405049,37.7899148,15.252044678
JNkGN36QYDbk2NeBkp-vmQ,-122.426259107888,37.7764488644476,23.769172668
-MBoVBXkE6yWctws-BnM9w,-122.41132,37.78188,14.659095764
7SomgI9Rk96GcVUJlH7biA,-122.38736118066213,37.76075540000001,6.378811836
DAiqwrmv19Uv-I1bOoAJCQ,-122.422267710877,37.7741681941565,17.723749161
KyoCZHxWyj2tHZ31ZBesqA,-122.26886347668324,37.87984599680798,75.926078796
CHmCTK46fBjWmL2TlShGng,-122.40840822157595,37.78674187514606,18.970403671
U_dFhUStwXUXNbcv0aPM5w,-122.271212,37.803649,13.391095161
JPL5OqxmoKGWXZxVSlYkag,-122.401235478539,37.7977025439747,5.298365116
KyiMMUHEvcPtuTof2wa0xA,-122.257532092895,37.8090259066112,8.542400360
li1PqvxETek6Ug1tYRKOkA,-122.398180787606,37.792193388721,4.101408005
fdiCoYNaTBuGDvia4RemEw,-122.39054,37.73626,15.978342056
x5qQ_bxeVafpfUN63hYNoA,-122.39950316449207,37.79147442048693,4.559401989
Syaydy3OIMsziI1spwAanA,-122.42127605331324,37.7600196719307,15.840068817
20kmsUdnmZfaaQqyafwXLg,-122.394203,37.793369,3.374906301
BZhEfTWlIVFh0eD0-_9xkQ,-122.4052,37.79548,12.924227715
2-Xorf2VuA4j3P7SC3Y7LA,-122.39195,37.779106,6.244412899
wBvDeIMjm_bq7dfyyusAwg,-122.497818,37.775906,56.584510803
sSM9QLLFMuZ1AWR15J66gA,-122.42056352338,37.77436888791,16.496347427
ksp8GZtuNLzS9w-AgLjyrw,-122.44008853699296,37.78458766062135,43.526222229
mGJvBB1O5F1gKQbDvX-peg,-122.4170819,37.7863701,36.570060730
QoFiLh53ScopYqldMWXfLA,-122.431878654215,37.780175779071,33.933506012
rO_0CIUZjC-mz3E9S1Twtw,-122.40937,37.78846,29.830497742
u8HqWVsJ7XID2uR59MgT6A,-122.2668014,37.8070382,8.303336143
qjJDyQSoU4QgtSIyRkAZ6Q,-122.25997,37.87534,97.604133606
eSvjUGigP39hoDvfSyt-0Q,-122.44596,37.77036,82.322196960
qBpdp2DI-CKTgaxpEJpvvQ,-122.41867,37.78628,35.733169556
cseS2HIKcnoIr6NpLwGKWQ,-122.415107727051,37.803897857666,8.114009857
jO27_oneFWdZKXf9vlXJTA,-122.47716,37.76737,85.697975159
2f81K_TUAEgnBGmUipa5Lw,-122.4103337,37.7744933,8.492632866
PcQ-jUJPWhld7UjSY9MuEQ,-122.437454223633,37.7858619689941,45.090694427
gtBDOQq3TyiiulKmJpny0g,-122.3989569415474,37.79282922333021,2.228395939
qs7FgJ-UXgpbAMass0Oojg,-122.41231,37.75892,9.124382973
ZtJmKjG769YYfox9luTLMg,-122.26976329767486,37.80903359550898,7.307979107
lMckNMwpwCzUT5YfS2l98w,-122.419912,37.764542,10.432801247
WoNOYASd1gP8LNuIU3m2zg,-122.41129,37.80135,19.843908310
w6bwuiCl388Fj7FmIeOMIA,-122.40651,37.78301,9.079851151
kQzAE0f7FNa4pdQ9AkAUVw,-122.406207,37.785506,12.273570061
dO2SzJmsckHFkk_gmasNKw,-122.411618,37.77392,10.991724014
pgBpEghbaMifroBmWofpig,-122.39339,37.79104,3.572073221
tPu1ivEhM7ttFLvy-tJ9wQ,-122.2653051,37.8254667,20.860832214
dcbeqWz3Jar0OY4L7dfyAw,-121.89432,37.33651,25.736999512
cdjbxQAK_zzpSgWqBxfk4g,-122.431678,37.764907,38.892078400
gpoZezJTkJZPrIYa08Y4Aw,-122.39564953373,37.7948093841078,3.617923260
99fxwDGc5FHvm-qp45mT-w,-122.2684792,37.8030839603785,12.078765869
NmLkRCu1NnxcsiowhlcPrw,-121.88901,37.3363299,25.850908279
t45a_tF5x6zNq73NWOLxLQ,-122.394608,37.788462,7.259160995
Rkfx55DqChfXzuPWneP65Q,-122.4577882,37.7712385,74.772407532
yd_ePgzwYbcpL8DVqfHG1A,-122.2699953,37.8085755,8.098331451
RrBURifuO-glm4oM43IFZw,-122.4197908726865,37.76445081175812,10.212801933
12Bm6xqJz8w5F_jmReh6Jg,-122.256342,37.809216,8.079383850
wZ7L6QYJpWs6mM28xDD-Zg,-122.427268843611,37.7981288104317,28.034000397
P1XZeSdImfB6Pqqt4JHhcQ,-122.393890380859,37.7886352539062,7.697885036
3SMhkb-pPAfKqQ7TwZcagw,-122.41269885093983,37.763117975584464,7.124989033
Qq8qdvBDwN4qeu5_PdGmUg,-122.4063651,37.7695263,4.731401920
x3F6hYDfEW3KrFSgplAETw,-122.4499419,37.7656017,92.222671509
EjTW7LoTSC9ExuWAHW4sEw,-121.89432,37.3365099,25.736999512
GhfuBgZmp4Rvq-lFzqssew,-122.254003534428,37.7942262429556,8.670837402
sxO7tMsvEkNea0E54qeWxA,-122.433431,37.769425,50.944744110
BZS5c1MSO95UCjVxZvYVUQ,-122.392885349445,37.722917106475,6.383565426
zbRDS3sABX_kcnLHbg8doA,-122.278667539358,37.7962862981851,3.623867989
cNHcwJ4eLDOzwZP8e4ETkQ,-122.437750024358,37.7764801534107,60.875595093
JXpenm0ANeIz4PWQYfHgKw,-122.26985,37.80905,7.224931717
ZUv2NilBOu5IjcDAkT8TlQ,-122.4181453,37.78195999903322,24.328119278
MPFAFExDFTLzs-ItB7pD6A,-121.889852,37.336243,26.234979630
VaJasVJ2oLNzznWU88ic8Q,-122.402024,37.765725,6.395154476
k_JHB9F_-qWHvgYz-ptrzw,-122.27212,37.7999099,11.721438408
yRLkJiyK4yv8OGOkBTEnNQ,-122.40622,37.76742,7.509097576
nih7Qmu4zzb0a8Th0cmXjA,-122.412577494979,37.7848792076111,21.485923767
ZUTqjyJu7OnSKF4xWl-WYw,-122.3939229661468,37.79595226839183,2.335939407
t1UMblU2IacfvRvc8T93Lg,-122.4003814,37.7943961,5.283036232
qNjevj4zj_nMR7DZeuhN_Q,-122.39012,37.790158,4.533843517
hg0cuVFIqz2C4w6RsAuohA,-122.43456,37.79749,21.857620239
rnJXBiKMHKmREwFbcGjsTQ,-122.42596,37.7758,23.597307205
uvCBQevs26owAL7KW2_VIA,-122.26948013481416,37.87987169931607,75.100189209
gxb1-SxUSEIskQg-nNcO-A,-122.392869,37.782229,14.133135796
e8yZ2IfpAF966MmTOcmxiw,-122.2593957,37.8559233,59.534542084
aQSxfcqeeHzQQkqDRFE7AQ,-122.25306,37.82617,31.744459152
AoOikxMqSonUDaxSpasxFg,-122.4343997,37.73339756802597,55.643035889
2TEUeYh5f4YOW_s1TZ_daQ,-122.417017556727,37.776435349214,16.599224091
f15zZKt4UU6EwlccUfqywQ,-122.22538,37.77769,13.941147804
lqd7c_zqpNuoJQmyoS_O3A,-122.391407825053,37.7742906358359,3.256265402
U2lbKxfjKbqGPsvsYPAyLA,-122.41925,37.75235,23.687114716
L1JU0hDv1k2Od3s9Glp-IQ,-122.459886,37.781031,60.236080170
VKs5Oawg_8zMwF6sS1beTg,-122.42682,37.76909,36.427368164
FPYPIHmUvc90yobTf5ZI0A,-121.894147,37.334688,25.908988953
SfIf2WjL61pq6gIBrwrrww,-122.427133,37.76861,34.448246002
bPN5RO-V50Dbtxv66wHjxA,-122.402151511185,37.7936251622439,5.163519859
BoBxY7PkBBJ4qyoEEhziGQ,-122.41298,37.78695,33.657276154
trfTf7n6NI83E7awd2R5ow,-122.4340195,37.7333514,54.678119659
Id2aVe9l5YQlHtlXnGye-Q,-122.388421141818,37.760662161462,12.509477615
Ti1pZXYxgnmSB1xrPLr7Tg,-122.268956305683,37.8081695753039,7.739068985
cKrcidnKGfp1puBZlTXXTA,-122.2514637,37.83791077111647,45.843509674
cEuUIXX-4MpkIen8QZVYOQ,-122.43719,37.78655,44.409172058
kIsGtzHcIxk40klNpTWuog,-122.07161,37.63805,9.481190681
M33lH3eR20a1cBKfCK3iFg,-122.25335,37.85823,77.448989868
uBaXDGwJPUkOSLWxS2vZ9Q,-122.41969,37.76041,12.633337975
wYwPIf__j1i_em7ODY3Y9Q,-122.39129,37.77083,3.532331705
35psL4IeeyUWecF8S1Ys9w,-122.41982,37.7646,10.152801514
QueFVMcMlT-6aZFv2M47mg,-122.4212,37.75472,26.575649261
AQjSsLrOheQ1snPWtYwv3w,-122.504706,37.753199,14.908082008
ggwILAZTD_BXoJhMzoiGXw,-122.411897,37.769777,6.226015568
li7gGXYrCn_ikss2f7jwaA,-121.9035914208106,37.32094923003423,32.482841492
03alLt5wKv0iEMklF-ZvSA,-122.2234421,37.7774696,14.232568741
yLrWSLwyI5yf_tAnZY0P-g,-122.411403,37.780832,13.506061554
8kck3-K4zYKTJbJko0JlXQ,-122.4114188698492,37.760192883932795,8.405384064
4GXXeKp9zMxuaacoA3ekIQ,-122.2539059,37.794079,8.571179390
tCxJvXqxGNmfyORntFhicA,-122.391107105558,37.7644726052517,5.691001892
dsjelo-3YvUgHIc0r7S7wQ,-121.84262674435824,37.27678227425548,48.688545227
OwYPOSVMLFUFQecBZUjDXA,-122.40275,37.77638,3.477312565
vV2jpj3cNmeMqEJszGDWCQ,-122.4213,37.75578,24.277898788
St2-sYl_StbZbWFQ0P5kYA,-121.885459899902,37.3167266845703,33.264442444
ggpW8zfHDNblsfoDlLEWEQ,-122.254164251473,37.7949036752519,9.582201004
ghzNVWli8sGCqa72gs_8ow,-122.279912039881,37.8705120074887,37.909034729
zNEzegCFEiJibc-udWfqiA,-122.26885,37.8740006,63.642921448
1FSl22I7HM6rJyKC9l4yIw,-122.4337981,37.75107113592223,60.618606567
aJORpoQgCfO1-DyK24gTTw,-121.893779,37.336045,26.240867615
gc-92vNLNa-Wyn-W3T5Lcg,-122.421361,37.79485,54.626850128
9B62QCsV1IVmFXdCml3X2Q,-122.50458,37.75277,14.732654572
fFhikWtYzlrgTmekKsf5yg,-122.416557,37.776633,16.899362564
mKF27ZPBgafMAvZ34l1A7w,-122.42249571104465,37.80621594244757,14.346160889
xh0Z-fb1GJ_eSwuaVFU2ZQ,-122.42304,37.7725099,19.706472397
cM3-kAwyiS5v1g35G4C5cg,-122.40074,37.78592,8.724040031
z6DlLVZXBmLz4wKWLQBAGA,-122.42511,37.8024,28.065860748
VvWqK7Vc23VCWa0Bb2weTQ,-122.46848,37.77246,74.138916016
MgPu3gcQ7h4lG58QkaYL6A,-122.425964,37.778126,24.827913284
Jqf2wj7AtgDHafGpuODKjA,-122.268329387781,37.8092649447624,6.150417328
CdFw6vosgUndgHwlkefCZA,-122.402614,37.776582,3.473407030
wNaMPrKtNGgiFhmO7XCkGQ,-122.27875001728536,37.8505501512272,22.295047760
1ZvHg5PVAZvg2d5bzutdyQ,-121.89488920441292,37.33647926039696,26.009838104
MXy-YMQCWpBJf92HFRhGhw,-122.40123590732658,37.79008340184943,8.893988609
ioYLcMVW20L7RZSL8_L9Vw,-122.41988,37.787421,42.677200317
kjckqShnIlDeraGJM3Nw4w,-122.422997,37.774921,18.856006622
g00-FKar6K7uHtIlTa7YGw,-122.47349123772857,37.78091451820878,52.210754395
-0Xwbv86GnwXOS26cM6Gbw,-122.44185,37.77653,65.045234680
X34J81jdgcvlv0M5y3IR-A,-122.41114391804088,37.7732309493697,9.991645813
A83oPpYwbCfgDLBFbQ62hg,-122.444809,37.7229309,59.807090759
O-UenHinrjyX1poNa4Cafw,-122.42162,37.75887,18.150079727
-dWwlYLcSsVNMNIkBdwWOQ,-122.45229,37.7691694,84.954750061
FCuoJReHnFywqPaWbScuCg,-122.39412254904045,37.79378972322858,3.248880863
o4PdehxLcoZvU38lrJ4Yww,-122.290788797878,37.8401992280102,5.306063175
4-QC1EpJ1IhP-kPBYS68lQ,-122.41114391804088,37.7732309493697,9.991645813
G92Ig2WmmjMlUWbKuAkZvA,-122.2778695,37.8314701,14.887569427
uXWD_QEkU40CexGxDjxhgw,-122.25658583,37.82806433,28.161581039
Dpa6o3EYUGpaJkOMuwI0DA,-121.917475,37.364545,15.490791321
Oh5GMwlzebpH_uOyjwl3iQ,-122.268807,37.8731939002629,61.658103943
Lp5MEWRevMwksRE295aPzA,-122.422678,37.777096,20.047840118
UyA7m3aI7SB0hWdMzlwGWQ,-122.450271606445,37.7658996582031,92.665939331
TqGrcmC96h-xLpDfW99BAA,-122.4209123804622,37.7437815,31.726545334
aws89f_guk0dFlVyfUIgEA,-121.88729,37.337177,24.839815140
xnN-j7c550oS6ewLITTk4w,-122.4342714,37.7509243449551,61.519363403
ekwsDgAbkuc8KXT5SxTLag,-122.41829,37.75265,22.503608704
x1onlhUw-zBLP3KpK2V08Q,-122.2748952,37.8011252,11.697030067
IyxmhhBoZGEQDk5mU6fsQg,-122.27074570220836,37.8031573604885,13.016635895
Y4JaDkuGs8Xk_dPZu02e2g,-122.2717601669154,37.80046369370517,12.295586586
A2fnXXP2vfIaA26sM68nAg,-122.265151977539,37.8254737854004,21.094610214
rj0rJY0sflIjaEpblUlgRg,-122.4120147,37.769806,6.286015511
DeGdhZKXoTnyyFc8GC2BHg,-122.397444471717,37.7993774767812,3.098129511
VR2vxLt3a-M4QM0FCeksXg,-122.2481638,37.8119459,4.466834068
eXprR2i_W8UKMmsYYbZFQQ,-121.884901,37.333609,26.592891693
0ba79WK2mc1txlZoWGpcRA,-121.900321,37.308404,36.775585175
705X-zqZj8gTw9pUvNnjVA,-122.27813,37.82283,9.422769547
jToTQStksqPPbcinvUqhlA,-122.24299026164636,37.8113694419706,5.501795769
__7sPF8XGg9D_p69c6DmaQ,-121.8990851,37.3320622,26.325279236
efDjhpH3SLeslMhRFL2Dsw,-122.268578,37.812367,7.167768002
sxq3UDbknqO0IaXa0DW7sg,-122.2711199,37.8032776,13.144293785
RMsYXfBmpmAye5a9IyN2SA,-121.88895,37.33668,25.657894135
2RbXrmbg-yK3XpIo3SS8MA,-121.91349833785311,37.333100595447426,29.382038116
bkk3UMIV9V5hv2nzy1J0jA,-122.39167220238846,37.77078160245556,4.118356705
htABwHI6iqKpxw9rwCEKtg,-122.262212,37.836218,35.652355194
DlG-tn6kCp4vHGF1NQiGYw,-122.2244063,37.7757466,12.306043625
LLqUmbOiw6_KuePDTGg58A,-121.88612,37.3531199,22.029186249
e04kGhrgrHCY8yXnJQUsNQ,-122.419471,37.774266,15.486685753
-t6JanEk_V6VzctlTyr6eA,-122.26049,37.87526,95.371574402
A883ie0zvzvjzbzk1E2tqQ,-121.885454,37.335533,25.780658722
xSLGnEGxO85EAk1DXhB4aQ,-122.41175,37.76985,6.188925743
DLKBLodjrqn0ctYm57A-Zg,-121.8990835,37.34809,20.180179596
eUkX-DApajYSL31NlXh2CA,-122.43471,37.79747,21.549032211
KFvymNR6xPbWJPrjtM5tlg,-122.44232,37.79887,10.260014534
9lEAFnWMpNhZfXxj5dnj8w,-122.39128,37.79002,3.519892931
jb7Mou1Zw_BDKVNKw6mUzQ,-122.42085,37.75722,21.753139496
lRVGEFenuMOA8ld-3HwcPg,-121.9124315686593,37.33149021523051,29.964504242
6kYBC9JIMPueGFI5Da98-w,-122.258648872375,37.8664348801316,75.207275391
1V6Yo8yKVrBXSesA0a7txg,-122.390354,37.769039,4.144309044
0COxcLD-42ecMqBYyoUfyQ,-122.43452,37.75102,62.692222595
Kw7JHvbA13NNVp6y6qHkqA,-122.269053,37.877052,71.253089905
ziWibyZYvqtrbc7f9v2iPg,-122.42315039211708,37.77837083502202,21.809553146
JSWgCOJ3zuegIhkTAfW7yQ,-122.46671,37.76513,78.983695984
N9rE0RzahaWdP2OANKDPxg,-122.26766243577,37.8073936700821,8.509590149
ogb0Fb6T0t60ls16jED3jw,-121.91200208427284,37.33284849720854,30.280857086
_gHU7DSK2gFVRLx651c8ig,-122.4214596,37.7732557,16.575677872
LxnbHJlFKjHRZeQqo3Tm5Q,-122.434364318848,37.7889404296875,52.898925781
gg--F2Z-X2Qh1fkkm1ODHA,-122.414822730688,37.8040101,7.037208080
2ziP1oSBhCjY9I_i-zKhjQ,-122.24495420940714,37.79178433650312,10.250802040
