station_id,venue_1,venue_2,venue_3,venue_4,venue_5,venue_6,venue_7,venue_8,venue_9,venue_10
d0e8f4f1834b7b33a3faf8882f567ab8,"('53b353fe498ec4fabbb421c8', 37.849819, -122.270581)","('4bcb7c1a511f95216599b1c7', 37.849484, -122.271567)","('57708baf498e779fa8e9a772', 37.850286, -122.271326)",,,,,,,
983514094dd808b1604da2dcfc2d09af,"('5be0dc41037be1002c89d017', 37.336707, -121.888917)","('528f8878498eb0db6d08293e', 37.337041, -121.889293)","('4a8e0c65f964a520e31120e3', 37.335588, -121.888499)",,,,,,,
da17603652106fda93da4e255a5b0a22,"('4b07b72cf964a52096ff22e3', 37.323021, -121.881024)",,,,,,,,,
7a21c92b3b4cd2f7759107b4fdebf869,,,,,,,,,,
ce34d38fb230a23c1ced12d1e16df294,"('4f4d2366e4b05dbceaf642e2', 37.325683, -121.877731)",,,,,,,,,
a3b487ad4ac93ab3e9f9654f87ed8c1e,,,,,,,,,,
b4b0088fb4fbb4587cad9d89ddc092cd,"('49d67986f964a520db5c1fe3', 37.327903, -121.883935)","('4b453a9bf964a520920826e3', 37.328209, -121.884237)",,,,,,,,
d576652cc151c23d6ec52b8454429d47,"('594ee6d14c9be64aea37574e', 37.332677, -121.875384)","('4b15947af964a52031af23e3', 37.333527, -121.87543)","('521fea1411d2fec7e3b773c0', 37.333072, -121.874904)","('5a9fb0cb8496ca37a723c93f', 37.333072, -121.874904)",,,,,,
0a24b6ab9ca6684780b6682901b3c680,"('52e973ac498e9ba67f65257e', 37.344269, -121.897055)",,,,,,,,,
a4b234ab072402cbfcbd5e306588d9a9,"('4bc9d0c9cc8cd13a492ebccf', 37.341451, -121.902989)","('42ab7b00f964a52025251fe3', 37.341451, -121.902989)",,,,,,,,
c7d58812e5bcf9183e20ec387d0386a9,"('4b54e530f964a520edd127e3', 37.80693, -122.264445)","('5314d1ae11d2518ca5728259', 37.807722, -122.265209)",,,,,,,,
ade8fb7d8bab829cc6b2b752c02882ff,"('5badaa61f709c1002c6e909e', 37.811174, -122.243589)","('53bc952e498eda5dc4c5893f', 37.811412, -122.243029)","('4ac94ac4f964a52095bf20e3', 37.811174, -122.243589)","('4a67fdbbf964a5204fca1fe3', 37.810605, -122.243772)","('4cd35bb6793d224ba6b84810', 37.811601, -122.242681)","('565b53bb38fae34679d5a247', 37.811536, -122.242677)","('4d40c1b800e8a35d3312fefa', 37.811243, -122.242229)",,,
3a9baba8738c921ad820add914d8d365,"('49c5b7a8f964a5201f571fe3', 37.809287, -122.256543)",,,,,,,,,
8870d1c76fa018d1758fad83f2be5237,,,,,,,,,,
a840a66dcf537eb53ff86c7ed469f491,,,,,,,,,,
315bd655b7cf06f4cf2e3c78879043e4,"('5d2a223bac5dfc0023b6424c', 37.813043, -122.247429)","('5d4e34d7816c150008fdd515', 37.812863, -122.246773)","('4a8f0f7bf964a520ca1320e3', 37.812912, -122.24656)","('521976ec11d2ae1cd332127b', 37.813378, -122.246443)",,,,,,
c58c5e00d5caeb09fab3509a349ac2ce,"('4bd0e53141b9ef3b0f19fbe5', 37.855294, -122.283317)",,,,,,,,,
55389695e3090fea977edbe85a0b7dfc,,,,,,,,,,
81cc789c1070340c1930450769536ea2,"('43a47bc4f964a5204b2c1fe3', 37.857058, -122.267266)","('4e31c4302fb6ede816e37522', 37.858007, -122.267249)",,,,,,,,
155125eff6270d14ae62b26c85f15ce3,"('49c6a621f964a52069571fe3', 37.343302, -121.889414)","('4f9f4ff9e4b08ae3f6aa4473', 37.343373, -121.888416)","('4cd064c27b6854812e44c1f8', 37.343345, -121.888342)",,,,,,,
2bef6d41ec5018bb81726f3e1f59d344,"('4db8bd730cb6ddfae4278300', 37.332195, -121.912227)","('4a7f5eecf964a520cef31fe3', 37.332454, -121.912742)","('4b4917eaf964a520966526e3', 37.331576, -121.912623)",,,,,,,
98374aab7a1553d232630758717d87a7,"('5418991a498e43d4e7d53b0d', 37.332189, -121.904925)","('59c291b5112c6c0ec95810d4', 37.332051, -121.90456)","('4a0c85b6f964a5203a751fe3', 37.331598, -121.905394)","('5c6b4cb7811045002c099a0c', 37.332111, -121.905565)","('5025bee7e4b0235587096c09', 37.331581, -121.905178)","('4bbe8abc85fbb713b9037167', 37.331332, -121.904521)",,,,
ead93e0002db0611076fb2d63f76ce05,"('5cfd61ae60d11b002c735184', 37.339109, -121.883748)","('5a08b0b4e65d0c20c653b266', 37.339574, -121.884131)","('59ac497bfdb9a734ddbbb172', 37.339109, -121.883748)",,,,,,,
3b360d106be2aeada021d0498be74fd5,,,,,,,,,,
62e21ee5590d59c9e7d740bf16a06bd3,,,,,,,,,,
2b14980ea8a5986da568e3711ef9cf95,"('592f829f0d8a0f7282e8c7c4', 37.767273, -122.39002)",,,,,,,,,
147b91431e228c6275b040c2cd4d05aa,"('57293afc498e466374bca6ab', 37.784228, -122.399047)","('435ec700f964a52021291fe3', 37.783448, -122.39814)",,,,,,,,
2e148870409210e664005a58263b186a,,,,,,,,,,
3cfc266f34c8daf3fa59119deca078ea,"('516a2025e4b0b25be7de59b6', 37.731706, -122.450978)","('56aaca82498e009d3013a818', 37.731711, -122.451336)","('4aaa74acf964a520055620e3', 37.731364, -122.451602)","('4a3c0ef8f964a5200fa11fe3', 37.731348, -122.451386)","('573e76dc498e03b8b9bb4e9f', 37.731191, -122.450446)",,,,,
b1385ff2e23b82e61c668a9fc8275142,"('53f055a4498e067053c38795', 37.799302, -122.266374)",,,,,,,,,
0dea2fc1c8cc19369db493d2278fbbbc,"('53a4d689498ea115342ebc1c', 37.807328, -122.267411)","('4e458dfa483b03d090d4220e', 37.806107, -122.266694)",,,,,,,,
28754859653e0a656ba53e1fa0ea21db,,,,,,,,,,
eb9c95aaf839b9c7e8b18e68288862a3,"('4bf5e710004ed13a55a441a0', 37.77208, -122.397686)","('4e2b628d8877b69d49e04cdd', 37.771229, -122.398998)","('4a8c1959f964a520f60c20e3', 37.770963, -122.398624)",,,,,,,
d057730bd39a7e2c920ff32d19393eb6,"('59e56a7f0fe7a053f3d23f54', 37.770263, -122.402238)",,,,,,,,,
bafbf8c2ef10271c489e9ab99dc9bd21,,,,,,,,,,
2c505c45b2e849f1523a243b73a34daf,"('5cdb8a77febf31002cf60524', 37.766419, -122.430752)","('54865955498ee851715a66fd', 37.765844, -122.431435)","('5af894323abcaf002c062b81', 37.766636, -122.430478)",,,,,,,
840924c8e286486604f62ef9c02ef185,"('4bfeeca1369476b088128d1f', 37.871732, -122.273211)","('5afa8af166fc65002ce79c83', 37.871802, -122.272713)","('4a1c3a27f964a520267b1fe3', 37.871244, -122.272752)","('56cb6c51cd1041feeed78868', 37.871883, -122.272071)",,,,,,
9aabe0cff5a5e7c6b014dd2c163f1ebc,"('4b5b96ccf964a520360929e3', 37.77839, -122.225776)",,,,,,,,,
6990760eb8be3fa93313672d7be369e6,"('4de9173588774aa92cb01bdf', 37.8079, -122.289761)","('50ef3b60e4b091d09373b5d5', 37.806729, -122.289693)","('602de07fd4234148c3ff9983', 37.807168, -122.288642)",,,,,,,
55f0ed0965a5a80f451700832338cd49,"('49f6609af964a520366c1fe3', 37.775366, -122.223809)","('4ba590c6f964a520c61239e3', 37.775627, -122.224685)","('4d8cab3ffe8d41bdeb40d705', 37.775693, -122.224689)","('5361a6df498e3315c00c49ad', 37.775458, -122.223886)","('4cc88860e7926dcb39a25677', 37.775926, -122.22463)",,,,,
726e22d3f8e5b2f3b21230c49aa676c8,"('4c8bed4acf3ea1431886f051', 37.809187, -122.28309)","('4b141227f964a520ca9c23e3', 37.808633, -122.282628)","('4b1413def964a520e89c23e3', 37.808661, -122.282701)",,,,,,,
bd6bf51c4defa1eba0c9bdbc8478b3ce,"('4d40963900e8a35dda55fcfa', 37.80593, -122.276874)",,,,,,,,,
c0c37f106fa8f27da58b777b7681f9a8,"('58323ac165be58789a3fbada', 37.743794, -122.421532)","('52c8aaa411d2c75d43e29ee4', 37.744093, -122.420618)","('4695204ef964a520dd481fe3', 37.743789, -122.422033)",,,,,,,
446009f5d7c3932df1a0215e04df9891,"('5a51952ea35dce5caa2c1be8', 37.747468, -122.410642)","('4eb080d76c25700fa9f283dc', 37.746997, -122.410399)",,,,,,,,
caee8a5f24d36ec088093ba35c67492d,"('58dff869b3cdc853091734fa', 37.743418, -122.426884)","('49fe8348f964a520a76f1fe3', 37.743418, -122.426884)","('454f45eef964a520d43c1fe3', 37.743028, -122.42686)",,,,,,,
bafd382d63b84005dec3dcfc5a326e98,,,,,,,,,,
d63f2433c8e67e0db4df7a87e5fb38e3,,,,,,,,,,
5a3ef6c03f1ce19c588c078270170a18,,,,,,,,,,
7e709245031d51963a79004362950401,"('4ada8cf0f964a520702321e3', 37.830954, -122.286)",,,,,,,,,
ad0fd1e1100453a35d7ce5e5d95e4779,"('40f9bd80f964a520ce0a1fe3', 37.755484, -122.420789)",,,,,,,,,
d54612ee1577923ef1aef60393aa07c7,,,,,,,,,,
689893116ddb1b8dfab61c092330b00a,"('4ca4d6a3d7c33704acd2ac62', 37.752626, -122.420979)","('43b439b6f964a520bc2c1fe3', 37.751911, -122.420936)",,,,,,,,
96bae776dd2cf75e6ed06895761636af,"('4e98c9a3cc218247d90f32bd', 37.751442, -122.427931)",,,,,,,,,
22e24861b62c61aa3c99d47cd90095ce,"('60901c6fd2d3fd142427138a', 37.787948, -122.39396)",,,,,,,,,
a536696bbab818af37342ac705d5b467,"('555b8b7d498e2877d4286508', 37.79179, -122.398847)","('562a7e02498e31c0f71e2a49', 37.791194, -122.398095)",,,,,,,,
cbe0501b53945e1a590ff4484798e0e6,,,,,,,,,,
6d5e221de84a938a2a813425ddddcf2d,"('4c75bca23adda1435c5908af', 37.314949, -121.897628)",,,,,,,,,
679621279b937eda9558ca1ae02f748e,"('52fc1300498e5a3085607bfd', 37.316199, -121.910077)","('4beb0844415e20a1ffcbe5bb', 37.316171, -121.910004)",,,,,,,,
10880ce63c335b9192ecf58992798f23,,,,,,,,,,
f15f772b3686c852122d5d2737bb88a8,"('4b353151f964a520202b25e3', 37.356185, -121.89655)","('4ee076029a52e7f5b8dd9a7c', 37.356845, -121.895583)",,,,,,,,
aef71869dbbdf150a0e6807bc3512730,"('5834c1c18ae3637f9e056f92', 37.365334, -121.916017)","('4dc4494252b1e8f9f7b6ec51', 37.365334, -121.916017)","('4ab88596f964a520057d20e3', 37.365334, -121.916017)",,,,,,,
a73276ab34067c112ab469c5107e1d2c,"('4b9eff30f964a520180f37e3', 37.840136, -122.298088)","('4a998e16f964a5200b2f20e3', 37.839719, -122.299714)",,,,,,,,
ccfc6870981cdd44b5a41bdee14e2a40,"('5a9c4ec9c58ed74fd59216e3', 37.787892, -122.413099)","('602ffebea99540111c804c2c', 37.787892, -122.413099)",,,,,,,,
35ecc8b9ed527420e102f4f1254583b2,"('4e395a0b887777123dd1e055', 37.751672, -122.404798)",,,,,,,,,
e1217bf29c178d096c6e92ea8dc36453,"('4b552f33f964a52005de27e3', 37.804082, -122.262774)","('4b5c9c4ff964a520c03929e3', 37.804406, -122.261932)",,,,,,,,
8924b980effba05ac4610a4abd37839e,,,,,,,,,,
718cefa9c37e218744ea0cc193a3129a,"('4fc7c071e4b06e4ecff8e93d', 37.769745, -122.412028)","('52f934d711d2f1eaaa247732', 37.770612, -122.410932)",,,,,,,,
9beee70db0437cf4bd24078239213bb6,"('4ba4d928f964a520e9ba38e3', 37.361989, -121.909536)",,,,,,,,,
ed898b7f32d290732a31b0b519c1f7e3,,,,,,,,,,
219cc838b24b5ceb39af7bcd6e6c5e13,,,,,,,,,,
4bbdbdf6abbdbb73cedafe47831eafd1,,,,,,,,,,
0891ec75daf2bf9e823f4a02e21fa9fd,"('5269d26011d2a7b88168d715', 37.869925, -122.269014)","('4a6a86cdf964a520b0cd1fe3', 37.8698, -122.267642)","('45215c72f964a520ca3a1fe3', 37.870285, -122.269263)",,,,,,,
193169dbc243a90e9c68e9bd94763748,"('49c2d976f964a52030561fe3', 37.873431, -122.268857)","('5d8acba2029a4a000724a0cd', 37.873371, -122.268351)","('570e6979498e636a8f1b2c1a', 37.873999, -122.268847)","('5e3c683c648f9f0008f3c872', 37.874347, -122.268407)",,,,,,
f00345a08621722a4e680cf784706a3c,"('55bfc62a498e267807cb865e', 37.868011, -122.266246)","('52afcc5e498e0ad883a9f1bb', 37.867593, -122.26615)","('4a305bb8f964a52057991fe3', 37.867062, -122.266263)",,,,,,,
2367c9313860a8dbae94ac5045768995,,,,,,,,,,
6230d81b26fbf3b08d04f63a436c69f9,,,,,,,,,,
65097799f269d187692b073a83c0d4d3,"('5953fc0595a72241ed1ee35e', 37.866375, -122.258899)","('4a1b1758f964a520cd7a1fe3', 37.865768, -122.25829)","('5418d2cd498ee5ccc0ead6cc', 37.866375, -122.258899)","('4a29ac70f964a520bd951fe3', 37.865476, -122.258704)",,,,,,
47e30e549ebbe3b8fad38f2df2f1ad59,"('464793ebf964a5209c461fe3', 37.869001, -122.254814)",,,,,,,,,
1b0c18aa2600cb61c4dc8594a02f4417,"('5694087d498e03c2041dc84f', 37.819297, -122.262076)","('57196cd7498e15fd218c5d3e', 37.819105, -122.26242)","('57db14c9498ebe11d4a6e6db', 37.81904, -122.262416)","('5b0eb7a912f0a9002c0f22d6', 37.818937, -122.262482)",,,,,,
1ad3234f9bd6b3e93ef20656d9111087,"('4d7ffbf5577eb1f7bd3fa0d3', 37.826253, -122.26556)","('4a972c5ff964a520ce2820e3', 37.826773, -122.264728)","('4b6ba442f964a520e3132ce3', 37.827109, -122.265466)",,,,,,,
efbe528107bed4defe202f50c2d6f2c0,"('4d2cbe57a40da35d470c8c77', 37.840618, -122.264809)",,,,,,,,,
ab6763b2d94b0eb690addb48b9cf3827,"('4b2c158cf964a5203ec124e3', 37.841308, -122.251711)","('463cf6b5f964a5203a461fe3', 37.842343, -122.251412)",,,,,,,,
1e03b246c6716378bd815f00c7a635da,"('45a163a4f964a520e2401fe3', 37.843904, -122.251502)","('4691813ef964a520ab481fe3', 37.843845, -122.251857)","('46349e90f964a5200d461fe3', 37.843742, -122.251923)","('463cff1df964a5203b461fe3', 37.843845, -122.251857)","('43c2bb5ef964a520492d1fe3', 37.843514, -122.251479)",,,,,
1736d145e5ef5447a53cc9f100701ccc,"('4db864d7432dfca99755e9f0', 37.844302, -122.261863)","('4c7ad512df08a1cd060fdf5d', 37.844886, -122.261035)",,,,,,,,
edd2cf03bfbe6ade0bd14f40ae4b5ece,"('5070e542fe1e70c3901483b7', 37.80818, -122.269541)","('4abc421df964a520ef8620e3', 37.80807, -122.270584)","('5da7b4431412d10008ca3f3a', 37.808148, -122.269109)",,,,,,,
df3ca6be81e340c4899ec6ae8c4429e4,"('4a5f41d5f964a52052bf1fe3', 37.811182, -122.266126)","('5f77701ff97f9d0e2af2825e', 37.812059, -122.264885)",,,,,,,,
b9afbe24f97e40d2168eed1c8184c07d,"('4e6f90987d8bbeefd9ec3602', 37.801344, -122.263119)","('4c3b73de1a1cd13aa162b60d', 37.801344, -122.263119)","('41575800f964a520361d1fe3', 37.801507, -122.263559)",,,,,,,
76b57950b5f2a4b0a4821e64bb700e24,"('4b4bd631f964a5201fa926e3', 37.843086, -122.268038)",,,,,,,,,
f848023d531b827a8e7c8c87173b6a4d,,,,,,,,,,
b735b2cab35ea7bdaff9b2ce7413984f,,,,,,,,,,
f64d35757bf16e8af5a408a9c72af91e,,,,,,,,,,
6c229502dbd727e48d9b7970dabbd21f,"('5daddd28a4f2c900078367c5', 37.789625, -122.403666)","('4b01caccf964a520754522e3', 37.78955, -122.402945)","('55ccec5e498e015b5c6a0eb2', 37.788118, -122.403721)",,,,,,,
0794b05a99e808986301411273356796,"('4b035d3ef964a520f14e22e3', 37.849954, -122.260107)","('4b8ab3acf964a520d87a32e3', 37.850436, -122.260206)","('4aa030a2f964a520a63e20e3', 37.850756, -122.260727)","('53436734498e7f23eff637de', 37.850864, -122.260159)",,,,,,
e5a34fd23cbefa6b718d20509d1d8bdc,,,,,,,,,,
c84aa30b9e135787bd06304d3b4caf88,"('42e03700f964a52063261fe3', 37.788415, -122.408828)","('4ace3dd5f964a52056cf20e3', 37.788534, -122.408118)","('4ae6396ff964a520c5a521e3', 37.788344, -122.409326)","('4a791992f964a520efe61fe3', 37.788567, -122.40769)","('4aa45625f964a5207b4620e3', 37.788616, -122.407478)","('40bbc700f964a520b1001fe3', 37.78795, -122.407486)",,,,
36aa8ab83177d5f5beb83685c7f645d3,"('57213571498e0718cd926737', 37.800659, -122.275709)","('603c74ce0b83da71e9ad1147', 37.801065, -122.274225)","('62a3fdcd95a4341d4080dc88', 37.800544, -122.274195)",,,,,,,
f83da983e1b1de735ef62006310c76ba,"('4bad463bf964a520bd403be3', 37.840036, -122.261689)","('595bc43b95da0c5ce077b0a2', 37.840095, -122.262195)","('4a60efecf964a52081c11fe3', 37.839803, -122.262608)","('4a0f1944f964a52023761fe3', 37.839776, -122.262535)",,,,,,
ef3a4e5c05845ca17d2c2db654a2a5fa,"('4a7f4159f964a52074f31fe3', 37.836044, -122.251767)","('45bcc764f964a52009421fe3', 37.836586, -122.251511)","('4b48df53f964a520165b26e3', 37.83509, -122.251425)",,,,,,,
eea0a9aed0f267d94aa702cd52458754,"('4b51489cf964a520bc4927e3', 37.83812, -122.251528)","('4cb0ecf5aef16dcb9359b554', 37.838711, -122.251059)","('4b0b4f7ef964a5203f3023e3', 37.837458, -122.250772)",,,,,,,
7e64ecd17d4a2708631d979da3ac4443,"('4e582401aeb7eff130d6643f', 37.333069, -121.884212)","('40c3b000f964a520e3001fe3', 37.332564, -121.884399)","('53cf2ef3498e1e5b6248251d', 37.332385, -121.884604)","('40c3b000f964a520e2001fe3', 37.332106, -121.884375)","('49dd6fddf964a5200f601fe3', 37.332413, -121.884678)",,,,,
a3e415a5d4437c5b8ed58f5620a2acb1,"('44d43fb3f964a5204d361fe3', 37.773955, -122.416362)","('4b54df8ff964a520c7d027e3', 37.77286, -122.416154)",,,,,,,,
25ccddba147690ec254ca9e68d3c559d,"('435d7580f964a5201a291fe3', 37.773589, -122.421572)","('43fb0c0ef964a520df2f1fe3', 37.773503, -122.421854)","('43d820b6f964a520612e1fe3', 37.773389, -122.422062)",,,,,,,
c7bb5e8c49bf8b8165f0d7f09d620df3,"('4d40d13acb84b60c78c489ab', 37.771859, -122.433941)","('60934c1bc9549334f8c8c8c5', 37.771865, -122.433439)","('4a14ae02f964a52064781fe3', 37.771371, -122.434342)",,,,,,,
e941de3073caf24cb07ee3425c80e479,"('5d62ea99ffec4e00078889cb', 37.773217, -122.438823)","('49be8fe0f964a520b9541fe3', 37.773271, -122.438969)","('621bbf1a507988046365ff20', 37.773721, -122.438638)",,,,,,,
e8ac145be6193651c7de9caf2bece382,,,,,,,,,,
d777960e181c3911183b59171cded0a8,"('44ca68a6f964a52001361fe3', 37.761342, -122.425794)","('4c139d40a1010f4733dc4a18', 37.761124, -122.426927)","('562405f6498e32f69e70a7a3', 37.761147, -122.425782)","('45eaff58f964a5208e431fe3', 37.761575, -122.425736)",,,,,,
1a07a9e1057626b3844050832a2581bf,"('624d005ab6f53606d2fab984', 37.759387, -122.42102)","('5acaebb06f706a26438d47f8', 37.759473, -122.421598)","('43f0db4ff964a5207e2f1fe3', 37.758823, -122.42156)","('4a394777f964a5204e9f1fe3', 37.759603, -122.421606)","('49e79762f964a520d0641fe3', 37.75834, -122.42146)","('589d125b005a0f47b970b12b', 37.75878, -122.420411)","('58d1d4f40b7e9334921a33fd', 37.75834, -122.42146)","('5b0a161d6eda02002cc5edea', 37.7584, -122.421105)",,
d77de46766fff22f98cbfff8959742da,"('4418754df964a5201e311fe3', 37.76036, -122.414699)","('5d6c364f228cfc000885be39', 37.75985, -122.414526)","('4e8694e50aafe7a08166f7a3', 37.760143, -122.414113)",,,,,,,
1a8541216cf020de1dcf4f90c8fd0919,,,,,,,,,,
e8061d928a602d4e74975b184f61df6d,"('49dad092f964a520b25e1fe3', 37.756655, -122.420858)","('42853f80f964a5200c231fe3', 37.756454, -122.421348)","('5dc48d5d66c37b0008250bf8', 37.757077, -122.421313)","('57199658498ed52e0c00c734', 37.757001, -122.421452)","('52eb109611d2f169d2d80599', 37.757365, -122.421402)",,,,,
e28f658f5100e41a80d7896d356bc7f6,,,,,,,,,,
b063f8d6a24fea4eb06aac2817efc46b,,,,,,,,,,
4ceb165eadff654c51cd12c1fc44b422,"('49eb7f48f964a520e5661fe3', 37.774033, -122.424322)","('4ababe21f964a520b68220e3', 37.774147, -122.423254)",,,,,,,,
113b9406090fbc8b512ee504634da501,"('4e2b4f1c1f6ebe544252959f', 37.732549, -122.434838)",,,,,,,,,
20506dc0614eddbe19dd917155bae3b7,"('534ebab7498e75f9f5421797', 37.343997, -121.874988)","('5bd384991a29250025f0c160', 37.343921, -121.875127)","('4e31c4302fb6ede816e37528', 37.343353, -121.87481)","('4a6692e6f964a520bcc81fe3', 37.343353, -121.87481)",,,,,,
e4484b938889737f1687d11b6ff02341,"('4b09dcf8f964a520d61e23e3', 37.330871, -121.889749)",,,,,,,,,
3933d9199c099118951ac7cf72031c13,,,,,,,,,,
0cc1f03c89a4048d7b2df21d498bde14,"('4d63e217625f6dcb9f75705e', 37.330035, -121.902447)","('4fbfddfbe4b014a2d61339cd', 37.329558, -121.900846)",,,,,,,,
cad9a547732685a295e62323fd9aa378,"('56cb88ff498e223a0d752e97', 37.33373, -121.886466)","('548d1d13498e8e0d8ac97f28', 37.333435, -121.887381)",,,,,,,,
7bb8d66fe7b1db88c66142fe3da816c3,,,,,,,,,,
3e4a340888aa808d7bbae5d2372c06dc,,,,,,,,,,
16b5b91495e0c631f87a21bdc3b2d41f,"('4d84f4905e70224b791f1809', 37.834367, -122.273206)","('4e6507dfd22d509a3ab9785b', 37.83492, -122.272807)",,,,,,,,
48ae1a8e476b68de634e7f103c359b56,,,,,,,,,,
b347e314d1a3b9d27875b46ce3fd7f70,,,,,,,,,,
5b3c9868ef64e09442b06df5ce4ef24d,"('50d73fb8e4b06651da909131', 37.781319, -122.431992)",,,,,,,,,
d94a66f24de908a615ce0a46f27a682b,"('53ab8b36498efd284f85d7b9', 37.787589, -122.398671)","('57fbb40ecd1057f331ffd3e3', 37.787275, -122.398509)","('5c3384fbacc5f5002c89a62c', 37.786982, -122.398922)","('5484b6d2498e5509ca9b9962', 37.786808, -122.398625)","('43a016cbf964a5201b2c1fe3', 37.787448, -122.398806)","('518309dc498e21dbe9058b9b', 37.787129, -122.397425)",,,,
448833b358f62bf1d1206c813f792669,"('4a2d422ff964a5209c971fe3', 37.779104, -122.44684)","('4aca37f5f964a520eac020e3', 37.779152, -122.446628)",,,,,,,,
515b2fdc0cfb6110776790b85400f062,"('4ca2bf0f1ee76dcb6395f3dd', 37.757997, -122.426384)",,,,,,,,,
03cc61af40764524160f132da0f3f681,"('5c0881f112c8f000397b6f1e', 37.850848, -122.278178)","('60bd68639bf0196c336fa37c', 37.850507, -122.278805)","('582f70ae04aa4f5e81d0ea53', 37.85087, -122.278754)",,,,,,,
0a40fbe91996a7ac0b46d34871aa896b,"('4bf6f62f13aed13a4d89eaf7', 37.739672, -122.425874)","('4b4bd02bf964a5208ea826e3', 37.740274, -122.425265)",,,,,,,,
ff965c7f0bb892bf7053a78b4df24275,"('54fb3d7a498e39df2f280ca8', 37.353122, -121.886075)","('4ae9fafbf964a5202bb821e3', 37.353185, -121.886579)","('4e3636521850ad8463dc3c3d', 37.353236, -121.885866)","('4d7186cdd145a1cde06aa6f3', 37.35227, -121.88653)","('4c60b005b6f3be9ab2126073', 37.352242, -121.886457)",,,,,
49bb4994b8e1aacd936090458544f74d,"('59963f33bfc6d00305d7abac', 37.352642, -121.89192)","('4c6962892c29d13a46070b41', 37.352566, -121.892059)","('5bce8a45f1fdaf0039de5099', 37.353293, -121.892456)",,,,,,,
1d2910bd99e3e2abbe63546c231cfab8,"('44edbcecf964a520e0371fe3', 37.77431, -122.408713)","('524fa179498e0b52fd6abe18', 37.774565, -122.40837)","('51e75312498e88c3ff328821', 37.774478, -122.410372)","('4b1ee998f964a5207b2124e3', 37.775284, -122.40999)","('45206915f964a520b73a1fe3', 37.774061, -122.408555)",,,,,
36460a8c801bc83206f3810f859f9573,,,,,,,,,,
d436129450e3a2223972a9b3f7134f73,,,,,,,,,,
1596efd5fa00679aefd3b5d3d1b2ef26,"('4aef7bccf964a520c8d821e3', 37.865933, -122.299872)",,,,,,,,,
0d5e25e4358800e347be5dd9808fabb5,"('4adabbfff964a5201e2421e3', 37.865372, -122.267028)","('4a0f2588f964a5202f761fe3', 37.866299, -122.267296)","('4f6f7673e4b08d8da7b0688f', 37.86605, -122.268)","('582f93631d21ba15a4acc52e', 37.866375, -122.267157)","('4ad8dd3ff964a5206e1521e3', 37.866532, -122.267238)","('4abfd903f964a520979220e3', 37.865204, -122.26709)",,,,
4a2e731c87e9a1e07ad0f5c8a91efd4b,"('4c83ed6fd8086dcb887e8452', 37.866686, -122.253891)",,,,,,,,,
9cc649af249977ff781d4b755abd4388,"('4b58c813f964a520e56a28e3', 37.870505, -122.279531)","('4bda5da763c5c9b69fec2368', 37.870472, -122.27996)","('4beb4571b3352d7f395156d2', 37.870998, -122.279488)","('60e0a63411913a782c8df046', 37.871005, -122.279459)","('4ceef0660acea35d69fbebae', 37.870857, -122.280485)","('4b9d239df964a520249336e3', 37.870987, -122.278769)",,,,
569d5c153e5380ea2f286b48217ec566,"('4a9ac750f964a520a43220e3', 37.870652, -122.300074)","('5bcf03ccbe7078002c7aa887', 37.87075, -122.30051)","('49dcd103f964a520a55f1fe3', 37.86997, -122.300465)",,,,,,,
af8c8625437ce60d8d247d158945ebd8,"('5cc327db8c812a002c2983d7', 37.880373, -122.269905)","('46aa8f98f964a52062491fe3', 37.879875, -122.269589)","('4bb04a73f964a520e23f3ce3', 37.879848, -122.269515)","('55762589498e5d30657a5912', 37.880487, -122.268834)","('40ff0380f964a520430b1fe3', 37.880709, -122.268919)","('54d44b32498e9cbc5cdd2a95', 37.879788, -122.269009)","('4ac109bef964a520869520e3', 37.880801, -122.268996)","('40de0e00f964a5208e011fe3', 37.879613, -122.268974)","('50a2a081e4b049b5a6ee2c22', 37.880818, -122.270074)","('4b5a5488f964a520bcbd28e3', 37.880508, -122.268548)"
8be5197057004601e172a2eb9bbe1f11,,,,,,,,,,
02f7cffdcfad5a5d9863c1b70a7eb17c,"('57d06497498e691ec2462b97', 37.849356, -122.265888)","('42756d80f964a5207f211fe3', 37.850483, -122.265666)",,,,,,,,
ebbfe1c4b86ffc03d3be17ba20a6ec99,"('5bd51be9947c05002c3a432d', 37.846819, -122.265741)",,,,,,,,,
6ad0aba1d60a8bba74e69b3c7278acb8,,,,,,,,,,
4deef404025cb87bec9c395b953cdfd9,"('53dd5236498e26a926d69c5d', 37.851455, -122.252295)","('5ddd8cbe49a8da0007143e5e', 37.851423, -122.252724)","('49fe6217f964a5209d6f1fe3', 37.851585, -122.252303)","('46917eeef964a520a5481fe3', 37.850745, -122.252613)","('46917fb2f964a520a7481fe3', 37.850708, -122.252683)","('46aa8a59f964a5205f491fe3', 37.85055, -122.252602)","('4d3b439e81258cfac5b1af5f', 37.85055, -122.252602)","('550a2592498e39ec12b5721b', 37.850761, -122.251968)",,
c2648d0ffed4d1f710ccaf79e9a304fa,"('4d519b1a9b27721efe86b946', 37.800592, -122.272261)",,,,,,,,,
8302e5d11a6c84bac27a774de41474f9,"('4d6682ab7a6fa143585a7398', 37.796498, -122.264992)","('4ec69ef58b81dcfdc266c549', 37.796786, -122.265942)","('4f25c085e4b0020c302272c5', 37.797636, -122.264627)","('4bde24e90ee3a593632b30b0', 37.7969, -122.265733)",,,,,,
43944ce65c342e60c0ccf1c9f5ec51f6,"('4e68d4d9cc3f39dbbd1e4ded', 37.797946, -122.401217)","('4a53b54af964a520a4b21fe3', 37.797751, -122.401206)","('4db081eea86e63d211597ff5', 37.799296, -122.400221)",,,,,,,
60031404d0e98d8de9b6531836dc0888,"('4c678f449cb82d7f3f3a94d2', 37.341912, -121.892347)","('5e5b1e2539aba10008591468', 37.340302, -121.892833)","('5643c422498ee6f4e65ad0ad', 37.340302, -121.892833)",,,,,,,
a7d703c1d843d22ee42adb5e6db291da,,,,,,,,,,
5ea5e58b4dc5550721049acb54220651,"('4afcbb8bf964a520752522e3', 37.727146, -122.406291)",,,,,,,,,
c2e3051962238764d5e968e6f4544485,"('562994a7498e06f68c0bd2c2', 37.868651, -122.292419)",,,,,,,,,
33424dfd71dd02911d83b5b683e55791,"('5b944f19598e64002cd971da', 37.77146, -122.404961)","('573e8ba3cd102b8b7351f55a', 37.77197, -122.405135)","('5c0aefd112f0a9002cded0ab', 37.771574, -122.404753)","('42926e80f964a5201b241fe3', 37.771042, -122.406585)","('4b2d4e69f964a520bdd324e3', 37.772024, -122.405281)",,,,,
3367402e41d84a3c70c5056e5312bb24,"('4b82f077f964a5205aee30e3', 37.729469, -122.392958)","('57814797cd10c6e07dfc0b81', 37.729588, -122.392248)","('4b747584f964a520e8dd2de3', 37.728851, -122.392491)",,,,,,,
c8131aed6f3df2f78149eb338df66e66,"('5740dcb3498e382e23897212', 37.817732, -122.275905)",,,,,,,,,
8ecedfe82a3e35413e8a45da10ace67b,"('573f74a4498ee00a311d2ae0', 37.828025, -122.256761)","('49fca311f964a520c56e1fe3', 37.827732, -122.256314)","('5ce5ed2fd552c7002c078c26', 37.828063, -122.256692)","('5d9ba9f0c664840008307138', 37.828285, -122.256776)","('4a1a4e57f964a520937a1fe3', 37.827358, -122.257369)","('530da6de498e7bcca2df0090', 37.82706, -122.257423)","('4ebd790ff790ce9dc916ff65', 37.828181, -122.255981)",,,
891294b26b673dc172e2dc00d96ccf2e,"('4cd88bd37d454688bd37eced', 37.350597, -121.901763)","('61f2ea221d00055449e926a7', 37.351178, -121.901436)",,,,,,,,
7c2a6fcca214cf03806ad50164de0f0e,,,,,,,,,,
a4d58de82f6475801e4bf6cf97ecd387,"('4b265bb3f964a520807a24e3', 37.337222, -121.883503)",,,,,,,,,
086b31d113c141a26d19612139ad8956,,,,,,,,,,
fcbb52bd7f4fcf0f57a7cc47078c7ff4,"('563793a7498e3254318fe624', 37.785073, -122.399957)",,,,,,,,,
03ec647221434cdad0abf4907706e949,,,,,,,,,,
55287fdab6af4d37f97e17770b823bbe,"('4bafe36af964a5201f293ce3', 37.870372, -122.286919)","('5bbd60ca4aa3f800386da4e2', 37.869928, -122.287611)","('4cb0b48caef16dcb6451b354', 37.869928, -122.287611)",,,,,,,
54346a82070e38f3cb2246ef4bc0062f,"('4c4495cb56a7ef3b9e58ce21', 37.862204, -122.253992)","('4b0f227ef964a5208d5f23e3', 37.86183, -122.253324)","('4fe4d56ce4b05d1edb84a458', 37.861873, -122.252752)",,,,,,,
0eddf1befddc9f3a1264cc05bf1a5e6a,"('4c79de3e794e224b782a6728', 37.862357, -122.264556)","('4d4ff75971548cfa9d980a9a', 37.861794, -122.265098)",,,,,,,,
e69e4dce53bdbe1ffe17185ee72fdcae,"('4af49f49f964a5206cf421e3', 37.858809, -122.290413)","('50b6e562e4b0132956c9367a', 37.858565, -122.291476)",,,,,,,,
e526d675e9f591823eb822bebb0630b0,"('4bc2329b920eb71334d71b2c', 37.86295, -122.258415)",,,,,,,,,
780cbaed92260f59e763de62b4cebe1f,"('519fcb37498e91a13cb23d6b', 37.776751, -122.418247)",,,,,,,,,
23c911eba61c38bd79e4df21cf9a8bc6,,,,,,,,,,
4e8692f7a9eae9f0575945f02a87ccce,,,,,,,,,,
98c24c05dd22720e562f0c3590fabfa4,,,,,,,,,,
76f3d32a941219346e34c87820139711,"('631250f2cab1442e236e3690', 37.78094, -122.391182)",,,,,,,,,
074ef2e71ff08fd484f93827ed83dafd,"('44e37004f964a52042371fe3', 37.775651, -122.438179)","('53644323498e8964add3b940', 37.776161, -122.438352)","('4249ec00f964a5208f201fe3', 37.775527, -122.43767)","('5f349546a58a76498b527545', 37.775743, -122.438256)","('5b4297c19411f2002c274de9', 37.775613, -122.438248)","('4feddd79d86cd6f22dc171a9', 37.776491, -122.43787)","('4e9779a9cc2197883ab989e1', 37.776085, -122.438491)","('4f62a163e4b08b476db9854e', 37.775175, -122.437577)",,
45d4ba912fdbaf0e9d69cf9a1bde9a76,"('4ab01b2bf964a520ec6520e3', 37.777557, -122.441445)","('61a7ad2af8c5e00778294359', 37.777123, -122.441993)","('4aea176df964a52047b921e3', 37.777297, -122.44143)","('5cfaf1b2f5e9d7002c841369', 37.776549, -122.441815)",,,,,,
8846b5e327d73c5c91f52afb03bee796,"('475fbd10f964a520de4c1fe3', 37.764435, -122.402827)","('4a2821d8f964a520f8941fe3', 37.765286, -122.402375)","('4a445686f964a52077a71fe3', 37.7645, -122.403691)",,,,,,,
ca3529cb0093cf568576c95492de5a68,"('4b204910f964a520083024e3', 37.761219, -122.432523)","('49ecf1def964a520b3671fe3', 37.76085, -122.433074)","('43f703c9f964a520b52f1fe3', 37.760769, -122.433714)",,,,,,,
59f57a632668a24ab18d8bc9ff703af2,,,,,,,,,,
be206c6cb9c61276d1e3b9ad2a0b8060,,,,,,,,,,
8521a7fa5b015f5cf91a490ca08e72d6,"('4df64c2f6284fefe8fcb8d67', 37.336966, -121.909763)","('515d42fbe4b05bd7619bb7d3', 37.337076, -121.910056)","('4abff1aef964a520289320e3', 37.336641, -121.909245)",,,,,,,
25b03a236b79e665a5ed9d316388b9cd,,,,,,,,,,
e14686289c6158d279b29ef56cae6582,,,,,,,,,,
a39949a03aa488410e33371365084987,"('5dc6f6d736cad800076c822a', 37.320453, -121.907944)","('4b5a88f3f964a52037ca28e3', 37.321281, -121.908776)","('58802d393bd4ab4fd4ae34eb', 37.320453, -121.907944)",,,,,,,
604d2b0f495cd7363effb81982012f93,"('4a620525f964a520d6c21fe3', 37.323228, -121.913247)","('49f729eff964a5206c6c1fe3', 37.323672, -121.913915)","('49ebd15af964a52034671fe3', 37.323909, -121.913355)","('62e5b0c162ee2204736863a4', 37.3237, -121.913988)",,,,,,
8a8fb99412d0a44f24a97f4862e1b9d4,"('5cf3e65ecabcff002c8a9702', 37.336556, -121.894278)","('4e6750db152001e1f7122a11', 37.336519, -121.894348)","('51d3860f498ec834e85ea625', 37.336556, -121.894278)","('4e72bd668998f94a57e8526a', 37.336556, -121.894278)","('514e09d7e4b05bcb24168d4e', 37.336413, -121.894915)",,,,,
53caaaa3c38e8f655c479672973ef040,"('529e452911d2b1181cd2f09a', 37.337218, -121.887727)",,,,,,,,,
9e5ac45cfc500231c17fbc5a3709ff44,,,,,,,,,,
3eae0d76df97ee93ae21a685af42538a,"('53a0ee8b498e527f3c70bfeb', 37.318268, -121.883705)","('5299661f498e2a6408e2f17e', 37.3178, -121.883823)","('510eff54e4b0873bce7f1da7', 37.318696, -121.882296)","('514d3dc0e4b0fff0294f33f3', 37.318696, -121.882296)",,,,,,
32fec07f466d23ac5fa8be2e05d17312,,,,,,,,,,
a431cdd7c44ec9b167bee9612b5e9482,"('4a52ba72f964a520f4b11fe3', 37.348916, -121.894942)","('49c2a504f964a52011561fe3', 37.349001, -121.89466)","('4aac0cfbf964a520e95b20e3', 37.349341, -121.894034)",,,,,,,
b5f7d134eef76458bdad1624fc3f0a3b,,,,,,,,,,
318839be2a66c41af52177023d7545cd,"('4abbbdd9f964a520a38420e3', 37.339582, -121.889572)","('4d1bfe5fc50e6ea8f342cfb8', 37.33972, -121.889938)",,,,,,,,
c978d0b507607e5cee77e5fc2e6caa7b,"('57e7d742498e41e2e5e9c4d2', 37.3331, -121.900894)","('4c99074d05a1b1f781999253', 37.332752, -121.901161)","('591667529de23b672d0ec3cd', 37.332903, -121.900883)","('4ba3d5adf964a520ac6438e3', 37.331825, -121.899894)",,,,,,
c65a5430e457385743757320e3fa705b,"('5a480b9db8fd9d6ba9355f40', 37.779861, -122.217895)","('4c68845b607ad13ab3f7a82b', 37.779399, -122.217509)",,,,,,,,
aca2db0bb7fe57847fca972c91a02f72,,,,,,,,,,
f7b24d5a88d4a5280b0a123465ceeb9a,,,,,,,,,,
cb93a5239ea60f98f07d56d80346589c,,,,,,,,,,
7c15582391754cff6e2573d81f228933,,,,,,,,,,
35f5a7921e0006fdde8b661781c777f6,,,,,,,,,,
b91103a4e638130a1de6c5eea75a0854,,,,,,,,,,
18ecb3d50f2e42cbeaa54e2700fa3093,"('4aa99475f964a5205d5420e3', 37.840783, -122.291235)",,,,,,,,,
f72a227c01e328e88de3e27e883b5a42,"('4f1f0a71e4b03ae365ded94c', 37.841001, -122.293544)","('5c1bceeb0a08ab002c31a15c', 37.841028, -122.293617)","('5bea4be5f05ca8002de976b5', 37.841001, -122.293544)","('5ab6b34bf5e9d75851f476dc', 37.84124, -122.293845)","('5902b2880e5da82f213c6301', 37.841196, -122.293555)","('58dd6376ca10703b62225c47', 37.841028, -122.293617)","('4f46e125108184d2b357c7fa', 37.841202, -122.293915)","('43027e00f964a5200c271fe3', 37.841278, -122.293775)","('58267ba3f5d5992d623be9a4', 37.84124, -122.293845)","('566632b8498e606225258075', 37.841202, -122.293915)"
ff03a6199ba2f74b66752643531826ec,,,,,,,,,,
cbdeb72b794ae1050a177368bee1364e,"('5022beaae4b064b0941aa571', 37.847011, -122.29138)","('4a4b78d2f964a52065ac1fe3', 37.846697, -122.291218)","('4b4b8840f964a5205f9f26e3', 37.846599, -122.291643)","('609c52f3340bed636e3c6f32', 37.847184, -122.290816)",,,,,,
5d6e0c578a1ddd55e642440bed2c6cce,"('4fd60535e4b0b916eb507833', 37.838587, -122.287877)",,,,,,,,,
0e4da93fd7f3f40a487bcc523ea1e382,,,,,,,,,,
8aad0378e649dd2464b05c03175ee38c,"('5d55c15a30df3400088061c9', 37.780478, -122.394238)",,,,,,,,,
b7c325ae70049e4e6f5a3564ec2697fe,,,,,,,,,,
eff2443c5e75c2a2c3a3ab87188227dd,"('49ca8f4df964a520b9581fe3', 37.782425, -122.407685)","('52f68391498e8f7e37301c92', 37.781992, -122.407804)","('4a1fff67f964a520427c1fe3', 37.782658, -122.408059)","('60e4ca1f3010e2004f4cabd0', 37.782864, -122.407927)","('4a41b07ff964a5208aa51fe3', 37.782658, -122.408059)","('50f0c179e4b00d7fe514e81d', 37.781894, -122.408229)",,,,
bc2abce263a2f83bb06458da69bf02ab,"('4e52afd862e1f6d84aabcb26', 37.347348, -121.891135)",,,,,,,,,
147f785aa4926a3cabe56c607d6f6e7c,"('4b71ed7af964a520b3642de3', 37.778282, -122.396904)","('4bdc873d2a3a0f47f042b3b6', 37.778347, -122.396908)","('61faff3f1bf6c758d92c1e72', 37.778732, -122.397433)",,,,,,,
d52c0adcc197c7899d056dfd1caace76,"('44d3ade1f964a5204b361fe3', 37.796062, -122.394223)","('49d68c61f964a520e65c1fe3', 37.796057, -122.393864)","('4bee58173686c9b66f6f246e', 37.796842, -122.395129)","('569706a6498ef01aa423a6b2', 37.795851, -122.393995)","('521cf6af11d21968a3ce3498', 37.795732, -122.393845)",,,,,
28c7a7022b746c9a0f84784300c04904,"('4d2793c892b82c0f44c85180', 37.832736, -122.257104)","('4b1ab2dbf964a520acef23e3', 37.832736, -122.257104)",,,,,,,,
0ad27fbfea7dbf64cba3f6afc153a3f6,"('4bb0f5c0f964a520fe6d3ce3', 37.826436, -122.272245)","('4f409495e4b0f4e3fb3b7a6c', 37.826658, -122.27233)","('4b6f51e6f964a5201beb2ce3', 37.827216, -122.271429)",,,,,,,
d05740e23c0ff3996e6f82112e4bbf64,"('4a930b8ef964a520a11e20e3', 37.817735, -122.271958)",,,,,,,,,
77b16a1c03301769253ef32bb442b56e,,,,,,,,,,
3962b15d560bc3563bcdd0e638d9f0f2,"('4eff8c0f02d580f8efaac72d', 37.740603, -122.376771)","('5f9f4ed0a98ebc4c9c341833', 37.740603, -122.376771)","('5325ff61498e2ea84b9cac15', 37.74063, -122.376844)",,,,,,,
42d52309deeefe16d09e98539d8d72a1,"('46b9027ef964a520ca491fe3', 37.782502, -122.388693)",,,,,,,,,
967a7d65b042ed46b27f0f43ffa5af28,"('4af5d82ef964a520adfd21e3', 37.780688, -122.458544)","('563ffd5dcd10e2a28de734c9', 37.781577, -122.458024)",,,,,,,,
cf78144e1fe0f49224de5d9886357775,"('4e0124e7483bd352f72095b8', 37.342492, -121.876769)","('4cb4e51b589f236a2c572c3d', 37.342464, -121.876696)","('4e15fbae52b1b9e564457497', 37.342588, -121.876345)",,,,,,,
3a4f1c6eed8bd54668f9300dc876656b,"('5b89f7f6a0215b002c7cfd73', 37.736362, -122.390425)","('5802c89a38fac47602212cc2', 37.736741, -122.38973)","('4be1fbbc660ec928e858c83b', 37.736714, -122.389657)","('4b130e19f964a520709323e3', 37.737099, -122.390181)","('53c98e08498ec6ddfaf8b07b', 37.736064, -122.390479)","('4ce5ed149f776ea87b174f22', 37.73583, -122.389677)",,,,
251e5569c29684642d8e0c8462446b87,,,,,,,,,,
a33259544fdf29498c75150d70c4cbae,"('4b8479d5f964a520c13731e3', 37.732446, -122.391198)",,,,,,,,,
ca5e6d6274db743fd9930b284eb903a9,"('4e74ba83922ef20af586d846', 37.773989, -122.411633)","('4c95253c58d4b60cde9d2f29', 37.7738, -122.41198)","('40bbc700f964a520b0001fe3', 37.773127, -122.412227)",,,,,,,
5cf229224ed4bd986fae2273573dbc6b,"('4abfd80af964a520969220e3', 37.777752, -122.422679)","('5a33428625ecca176e716ca7', 37.778077, -122.422698)","('5e6078e46c502e00070739b9', 37.777546, -122.42281)","('5005c520e4b0a8ae9875b787', 37.77837, -122.423145)","('53b4dd52498eef48c82d89a5', 37.777475, -122.423307)","('52509016498efba365a2f4de', 37.777226, -122.422289)","('5f09357db86f39032b516f50', 37.777253, -122.422362)",,,
459b3320afadd43ccb25acb82163c335,,,,,,,,,,
b7d2d18241329be106efbcb2dd3fa13c,"('5a2ae8f90c9f311a1b1f4d95', 37.365119, -121.86731)",,,,,,,,,
e7f4f5e18462680f3ab507c2dbd889a7,"('4bd666835631c9b640eca530', 37.324535, -121.899932)","('58a6042c005a0f686d9159b2', 37.324027, -121.900621)",,,,,,,,
c9e4c1e83ef53fe6270ae6bda8ba1d8e,"('4b99bb4bf964a520de8e35e3', 37.308664, -121.900153)","('4aab313cf964a520385920e3', 37.308372, -121.900566)",,,,,,,,
84be6cf420cd87e93c445a72b0368b99,"('52df0e4011d219aa8d0d0e11', 37.809253, -122.268311)","('49f00938f964a52029691fe3', 37.809834, -122.26864)",,,,,,,,
7dd88dc392143af2bf399341cb327d01,,,,,,,,,,
05c88a5c130147a66fe2745f53dacc37,,,,,,,,,,
4e4a339396983190a0ecaa5c61ddc18c,"('4abc29c3f964a520a08620e3', 37.796004, -122.278956)","('459e2e1df964a520b2401fe3', 37.79615, -122.278318)","('4c31339c7cc0c9b6eb84ee9a', 37.795651, -122.278864)",,,,,,,
bb29347739d341f12609902860d0f408,,,,,,,,,,
c02f376ce247c2d13e7c83960210cddf,"('49fdbacbf964a520236f1fe3', 37.789035, -122.434456)",,,,,,,,,
9b4875d1e3afe31dbbc63bebf073d004,,,,,,,,,,
07baaf6053a8f6bbd3820c137207c915,"('49fd3a31f964a520146f1fe3', 37.780293, -122.476436)","('4b19d3f4f964a520f6e423e3', 37.780683, -122.476459)",,,,,,,,
0fac71620fa19bbcbe3224593ed06c3f,,,,,,,,,,
5d6f80bbdf9b483b9e3a78830df93e19,"('49f4f052f964a5207a6b1fe3', 37.778667, -122.458066)","('4bd9eb38c79cc92806a37ce9', 37.7791, -122.458378)","('4dbcc98ecda109aa6ca56f68', 37.779138, -122.458309)",,,,,,,
8744f3ffea155dd0b5e223031ace4513,"('5031311ce4b06d3d08eaf288', 37.801291, -122.411309)","('57871bc8498e62cfb4d6aaeb', 37.801329, -122.411239)","('4486b2d2f964a5202d341fe3', 37.800852, -122.410097)",,,,,,,
42bc17b335a9a5a1535de0e479de403b,"('4bc78ddb92b376b087f14f3a', 37.781878, -122.468146)",,,,,,,,,
1d84d9515239d01be7d4431cc9ce5728,,,,,,,,,,
ea61a83a34b04232f0247391ec3ae2e9,"('4a68c9ddf964a52007cb1fe3', 37.858366, -122.252909)",,,,,,,,,
73f8aa6ec3250de2a02cc0763f5a19eb,"('608e35bb5665f260bbf1fbfb', 37.370301, -121.881696)",,,,,,,,,
7a10659bcb8e88d97a98531df0dcd2be,,,,,,,,,,
6fde6bae495dbd16f6cacfe31de263c6,"('49b06161f964a520ba521fe3', 37.776555, -122.408415)","('4a4b8a43f964a5206fac1fe3', 37.776972, -122.408512)",,,,,,,,
dd90adb9ef523d88e8ffcc50c1bc2c47,"('4b4d31cdf964a520d7cd26e3', 37.835811, -122.28743)",,,,,,,,,
4e3d30015e2540b96ddcfc11dcc42643,"('4ab3b005f964a520046e20e3', 37.348061, -121.899121)",,,,,,,,,
aca4a61933705a8f547227c4757e10cb,"('49cc360ef964a52053591fe3', 37.350952, -121.89677)","('4b232d1ef964a5202a5424e3', 37.351178, -121.896353)","('49e75664f964a5208b641fe3', 37.350559, -121.896749)","('4a70fa6df964a520e9d81fe3', 37.350876, -121.896909)",,,,,,
5e99ac28f681fbc2c1b49ad2c41a525d,,,,,,,,,,
63c1d64d1de2d99f101592fb22afa728,,,,,,,,,,
14a97c92c9427a9c2b254f07ae442ddf,"('50660553e0e249fbec8ef1c6', 37.342778, -121.884303)","('4ed0b354d3e3521ce600f5b0', 37.3434, -121.883405)",,,,,,,,
4f4826a69b734f19e27008bfa1177585,,,,,,,,,,
0d8525708edd96daf05c39b671e8889d,"('4abfe423f964a520d39220e3', 37.762797, -122.464359)","('49b3268cf964a520e1521fe3', 37.764018, -122.463357)","('4a298355f964a5209f951fe3', 37.764056, -122.463288)",,,,,,,
df88c2e9c068b1f96081442b6cb639d9,"('4a5bed61f964a52002bc1fe3', 37.764234, -122.471179)",,,,,,,,,
be51642c8a13488ee2d0f79cca2d6307,"('4bae7604f964a5203bb53be3', 37.75747, -122.392929)",,,,,,,,,
2ce729f9d95e9007a9069c8e0d365511,,,,,,,,,,
ca0d2445e913702b584e668333dfd3d4,"('46ae6edaf964a52083491fe3', 37.782758, -122.465189)","('4ad6765ef964a5204c0721e3', 37.78278, -122.464903)","('5e124862b5b5ad00084cb2c6', 37.782742, -122.464973)","('61bc16c674259b278ca2a77b', 37.782541, -122.466322)","('4a999200f964a520202f20e3', 37.782672, -122.46461)","('42717900f964a52076211fe3', 37.783062, -122.464634)",,,,
b897eab1a16516ea4c47640297cc4409,,,,,,,,,,
0c7d51b231f5c05163176b80b5c825bf,,,,,,,,,,
cbf173b581c32be79916dd0efa8472f0,"('4b8b003df964a5208e8d32e3', 37.833442, -122.267267)","('5dd96503e9bb2e00089d559c', 37.834201, -122.267597)",,,,,,,,
dab6dfd8dec75e57a81fde7f12d39510,"('4bdf7980e75c0f473a6dcb03', 37.785315, -122.47781)",,,,,,,,,
c859a624e28f1e670e9b7f8b2276c934,"('3fd66200f964a520edec1ee3', 37.781521, -122.492782)","('3fd66200f964a520efec1ee3', 37.781512, -122.492845)","('5c70e3ca58002c002ca78750', 37.781409, -122.492911)","('60488aa00c6bef49e243203a', 37.782151, -122.493027)","('4a336d27f964a5202e9b1fe3', 37.781479, -122.493273)","('4bdb54f32a3a0f47c282aeb6', 37.781452, -122.4932)",,,,
1a4ced4bb87081c0a92db3f014c92d19,"('4a921720f964a520cc1c20e3', 37.797139, -122.424183)","('520169f7498eb30a27c24173', 37.797503, -122.422413)",,,,,,,,
eace607a9b4ea4ea7b9fe0e5c17b04e7,"('42fd3800f964a520f0261fe3', 37.787261, -122.452915)","('49e5893bf964a520d6631fe3', 37.786226, -122.453212)","('57094904cd1079e8d3b3dbbb', 37.786166, -122.453567)","('4a626a84f964a52004c41fe3', 37.786248, -122.452926)","('4c2bf40c8ef52d7fe34932ba', 37.786221, -122.452853)","('4a3e9f70f964a52027a31fe3', 37.78725, -122.453058)",,,,
63816efc067878fdff9a0d2a38531268,"('581bcbdab148840eb13defc2', 37.853747, -122.289976)","('4a2c53e1f964a5204d971fe3', 37.853335, -122.290239)",,,,,,,,
363a2381ec0d75a658698918d68d0edb,"('4c45cd09da2176b08e45637a', 37.757402, -122.406354)","('4e166517b0fb42f987329f02', 37.757402, -122.406354)",,,,,,,,
a9af746a9f25302bc6e438d12b4171f2,,,,,,,,,,
c6819c29250a339afc80c325c09cfaf2,"('593efc3b1ffe976d0fa82760', 37.762575, -122.431026)",,,,,,,,,
059af05c37addf83badc457996fe45eb,,,,,,,,,,
a8ecd18d2c44ea14d8a396eba32c3fcc,,,,,,,,,,
9be7e0050df8db9c65bee11853497d9c,"('523e5a3311d281eaf7911cb0', 37.859655, -122.26878)",,,,,,,,,
3f5c0437929a0f6dbc32f116850a4196,"('548287ed498ed8a19e391254', 37.804657, -122.271204)","('567b069d498ef1df2450654e', 37.804159, -122.27261)",,,,,,,,
a6b2ae23c98c47b86a9e84062ea5c3ee,"('5e4327edf828b200082886ff', 37.798324, -122.405685)","('49bc2d06f964a5201d541fe3', 37.797662, -122.40665)","('3fd66200f964a52044ed1ee3', 37.797397, -122.406275)","('49e05c38f964a52052611fe3', 37.797798, -122.405295)","('50ad5b86067d33c34bef6724', 37.797348, -122.405627)",,,,,
7ef616860128f1e359563871f977c210,"('4d6ed46127316ea8a7cca7aa', 37.727509, -122.451158)",,,,,,,,,
dbd21ac9ae9f5cd34c4980b4f103b550,"('4a3d4bd3f964a52014a21fe3', 37.79853, -122.26315)",,,,,,,,,
501383f10b2cb7bd652149a50b5418fc,"('4d9390454f78f04d277fe5b9', 37.810238, -122.291259)",,,,,,,,,
6c19c7f80a0d01e4aabf6f13d53c06fe,"('53e55893498ed822e04fd909', 37.795504, -122.393401)","('521cf6af11d21968a3ce3498', 37.795732, -122.393845)","('44d3ade1f964a5204b361fe3', 37.796062, -122.394223)","('569706a6498ef01aa423a6b2', 37.795851, -122.393995)","('43067280f964a52023271fe3', 37.795536, -122.393425)","('45576dc5f964a520383d1fe3', 37.795309, -122.39339)","('49d68c61f964a520e65c1fe3', 37.796057, -122.393864)","('538fcfd111d23f0c4f56c6bf', 37.795634, -122.393409)","('43fed1fff964a520fe2f1fe3', 37.795531, -122.393475)","('619181e8dd36f146b5d7d87f', 37.795607, -122.393336)"
1372941b523f4ca92d4bfee7ea85ac95,"('588d00f1c0df762b4017bae8', 37.79618, -122.254856)",,,,,,,,,
e9d82f4d2f1525cc654976f3fdf7f45a,"('56d64679498e3ed8bc19624b', 37.815612, -122.267602)",,,,,,,,,
02744ef00b430de0440ab88ecff71b2d,"('528fd62711d29c24ebb52051', 37.795605, -122.274269)",,,,,,,,,
f113253f2f20870c00c7f115d631304d,"('4bf029eb51f2c9b6bf45f192', 37.812159, -122.286132)","('4b8446b7f964a520f12b31e3', 37.81294, -122.285316)",,,,,,,,
08a97d1e8daf245e4fc7f5f3ab162213,"('53c9a089498eaf3f8a25da03', 37.773328, -122.212139)","('4c6318e7fa7bc928cbc20f27', 37.774255, -122.211546)","('4de2d7d118385df2b02e69be', 37.774358, -122.21148)",,,,,,,
0d33649125be2d062ec29061a27f700e,"('5c436cc03fcee8002cc9d0d9', 37.780854, -122.232591)",,,,,,,,,
d9f54ff90ab5ebf7383dd6a8541d48f1,,,,,,,,,,
ca8eeb013a7c04731be820a3205b8347,"('540c8a46498eb9ea5b8342b3', 37.794086, -122.254018)","('4bdddce8ffdec92861bbe6a1', 37.794086, -122.254018)","('52d055ce498e60ac37be881e', 37.794932, -122.254066)","('4a63eb4af964a52002c61fe3', 37.794986, -122.253352)","('4bf97f37508c0f4765583f31', 37.793609, -122.253416)","('4a95e29af964a5203a2520e3', 37.794776, -122.254847)",,,,
1756b8a7b00189ed5c04a3171959e3f7,,,,,,,,,,
182f517a38db07df6b2fcc8ac0da3617,,,,,,,,,,
ef1e16d2e298bfbc6724316dc9f2c3c8,"('584b00068f0be42a4dbf33ed', 37.78373, -122.434214)",,,,,,,,,
f18e0e4c80e5eb999f88608c3ebd3e90,"('42accc80f964a52040251fe3', 37.794392, -122.421225)","('5f7388a298df6d72aa4ee5f8', 37.79481, -122.421322)","('4aad7627f964a520686020e3', 37.793455, -122.421098)",,,,,,,
5d6369a9f895ab6203a6dcc3c0fca46d,"('4ca2a4db554b236ac2402048', 37.782309, -122.435706)",,,,,,,,,
af277a4997575219024a717b9bade2e0,"('4c393e38dfb0e21e2a3ab0a8', 37.76458, -122.432148)","('4a789bbbf964a52004e61fe3', 37.764038, -122.432403)","('6016187a5a1c413a68b6d687', 37.764873, -122.431736)","('50baba7fe4b0cdd4bc1cf0ba', 37.764846, -122.431662)","('45e98072f964a5207e431fe3', 37.764169, -122.430691)","('50ab8755e4b0869279a80872', 37.764234, -122.430694)",,,,
f1fd7bda2e0a3cf1900d275f24ff94ff,"('56908ed5498e732a4fa8dfb7', 37.766821, -122.415654)",,,,,,,,,
e4057435753640b4855f792619c151dd,,,,,,,,,,
26993f6ad0a30df7cc33bedb8efb5590,,,,,,,,,,
794cb9426661fc4ba684c6a147f4ea92,,,,,,,,,,
df3286fb70521afe8b7c68681e57f777,"('5e4c79ab2688de0008aca301', 37.781075, -122.456489)","('4a07929df964a52085731fe3', 37.781172, -122.456065)","('5f5bb093b86b535e835df323', 37.781167, -122.456566)","('4aa81f47f964a520734f20e3', 37.781655, -122.456165)","('4ac91f2ef964a520babe20e3', 37.781623, -122.455733)",,,,,
632b45a2c2a023d1f96723878028518d,"('4bb2595c42959c7430b7202c', 37.777639, -122.407046)","('4c302764ed37a593d5926803', 37.778128, -122.405784)",,,,,,,,
6b13e6fa1252c733e32fdc7b13cba255,"('569d3be5498eb5f352825fd1', 37.775463, -122.49886)","('63656ca45598da06d058388f', 37.775463, -122.49886)","('52c74e73498e2c610807c6b8', 37.775518, -122.498147)","('4a87356df964a5203e0320e3', 37.775892, -122.497954)","('48569a17f964a520b6501fe3', 37.775513, -122.497788)","('4a77ae99f964a520fde41fe3', 37.775468, -122.499218)","('5e35eb94bd1d4d00072bc762', 37.775551, -122.497719)","('4e7fd43ebe7b414d61ef63d8', 37.775903, -122.497811)","('589f9cd575e13747e9a6b8c1', 37.77547, -122.497499)",
222c002644107f260e59c8946fb6d383,,,,,,,,,,
d77edd357a87177dcc4621ef883abb5d,"('5253feaf498ee244bf04cc79', 37.77967, -122.487505)","('4e4d02b1bd413c4cc66df784', 37.780331, -122.487401)",,,,,,,,
d97742ffbfb3863990d07359b7bdeb46,"('4da7775dced7d9235605d06d', 37.823693, -122.281346)",,,,,,,,,
68a14ad0d601717764086eb2d3c5f071,"('5c3163e4f193c0002c1a7868', 37.799699, -122.253695)","('4b919e67f964a52057ca33e3', 37.800283, -122.252867)","('4c2f6b30ac0ab713a5c71b1e', 37.800821, -122.253975)",,,,,,,
3df46ea4730fd2f6a4f92007c9369299,"('580548cf38fa9a9828f34da5', 37.784686, -122.408035)","('452b81ddf964a520393b1fe3', 37.784255, -122.407539)",,,,,,,,
22041eb5ac70f045466f45b5f7c7cebd,"('42a4e380f964a520fe241fe3', 37.76342, -122.407999)","('56e0f646498e8a4679a6d4b2', 37.763772, -122.408092)",,,,,,,,
0e9c72c9b1ad40895bce8ca0c30b5fae,"('556cce76498e5e64f11e6971', 37.760166, -122.411248)",,,,,,,,,
fdfed17363937bd17e69bb5f32b67257,,,,,,,,,,
a8473b935036a67569f58bc142608de6,,,,,,,,,,
8b0eb4e5f5c108a52011cb111fb4c008,"('4f833c3be4b0e533af027908', 37.738601, -122.389768)","('4f3273a519836c91c7d9284a', 37.739171, -122.390446)",,,,,,,,
c75e0c6b2fcb7c59d7c812600d5858f5,"('58d451f495383907dba37158', 37.766562, -122.397218)",,,,,,,,,
6d41d45711456aef7f31b60c4f9d2fa1,"('4af09c87f964a520a1dd21e3', 37.780686, -122.405648)",,,,,,,,,
66f097190aabf98d9637e274b9d12265,,,,,,,,,,
8c6c32e76ed11f76a547517979e5a5e6,"('4a8dcd5ef964a520ee1020e3', 37.782373, -122.482937)","('4a062117f964a520bb721fe3', 37.782253, -122.483646)",,,,,,,,
27c3e9e59901b5ef2bc26957ec7f3951,"('4a63da64f964a520ecc51fe3', 37.802417, -122.425213)",,,,,,,,,
713585c7fcbdca5115f70c1af67663a8,"('5dd0ad6256b2c80008a5a966', 37.766006, -122.449789)","('49bc4271f964a52022541fe3', 37.766033, -122.449863)","('59a07c348ad62e286c3c0918', 37.766006, -122.449789)","('4a3d51ecf964a52018a21fe3', 37.765172, -122.449597)","('5229375c11d283a864f7f305', 37.765897, -122.450356)",,,,,
af18ee4922a37e2285a08671590d140e,"('54aa5a96498e0326ab850c28', 37.78671, -122.39991)","('57e40ce5498e264f523536d8', 37.787231, -122.39994)","('4aa463e5f964a520ab4620e3', 37.7858, -122.399856)","('5c3384fbacc5f5002c89a62c', 37.786982, -122.398922)",,,,,,
7071418d19cad4ca32c3343afb0da740,"('4a207e66f964a520937c1fe3', 37.764896, -122.419052)",,,,,,,,,
736fc2875818c9c987f51ec384edf384,"('60ad63f273a458130b2ae450', 37.763458, -122.422049)","('4710bf01f964a520984b1fe3', 37.763203, -122.421532)","('5af1201a029a55002cb9dcb5', 37.764049, -122.421582)","('4f711e81e4b0fb1e70a3d700', 37.764043, -122.422083)","('4a35805ef964a520109d1fe3', 37.762851, -122.42144)",,,,,
707f7090c1a175cd64f234c9ae512ec1,"('4b7e0304f964a520f7de2fe3', 37.737186, -122.394199)","('5031b899f31c3dae0d25559a', 37.737348, -122.395499)",,,,,,,,
39ee44ea71e662e83149eae893414fe6,"('4c06940cb4aa0f4712516462', 37.784528, -122.439995)","('5c17db6331fd14002cc1efda', 37.784176, -122.439043)",,,,,,,,
2d5b0e85ca198e366bd3fd61f459b981,,,,,,,,,,
bfa38a76bddc6582afb8464350f47c61,"('593475aa4c954c63db8a1c37', 37.771117, -122.391465)","('570fbb58498ef98443cf26fb', 37.770846, -122.391592)","('5b562028c0af57002ca42090', 37.771117, -122.391465)","('6042aeb280ef454236b4de7d', 37.771122, -122.390963)","('5b74ce4a2d270e001cc862da', 37.771149, -122.391036)","('5578dcc9498e2416e3dd2774', 37.771117, -122.391465)","('562d6734498efab73a388f9b', 37.770043, -122.390971)","('58e016ed126ae87997c009b3', 37.77109, -122.391391)",,
b5191acf6c3d6a359cfec040ebe89bf7,"('575730a3498e1522af37082a', 37.768489, -122.419479)",,,,,,,,,
19f34b48933b42de614327cee335bc6f,,,,,,,,,,
4fa77307be791fef2d10d4d831f88415,"('4a579f7cf964a5207bb61fe3', 37.772257, -122.419344)",,,,,,,,,
586c5cb8082289a2f53eab0d1a2dbf4a,"('49f626eaf964a520106c1fe3', 37.751697, -122.412611)",,,,,,,,,
fff91ff985e5954b8b94e603a44db763,"('4511200df964a5208c391fe3', 37.790762, -122.3909)","('4c6bfd746af58cfa3b778517', 37.791256, -122.389997)","('4ae1f187f964a520048921e3', 37.791581, -122.390016)",,,,,,,
f7d2be8a428dc633c63ee68f69424754,"('49ed2ea4f964a520d0671fe3', 37.787657, -122.387491)","('40bd1880f964a520b3001fe3', 37.787213, -122.387321)",,,,,,,,
e9946e14a1f7f45c1e0ebe5b542c6e24,,,,,,,,,,
101f0875b692a1f552e86de5c0a917f1,"('4a42e8c8f964a52066a61fe3', 37.775608, -122.446848)",,,,,,,,,
a799975c42155f6b266b5d32586aaa97,"('6281c06d9689df69ebd3efc4', 37.760784, -122.387273)","('52a67af3498ef4359edd85f4', 37.760692, -122.388056)","('5aa43078829b0c28375e513b', 37.760708, -122.388272)",,,,,,,
d46af557385e4a2286fdc3640f7d48a2,,,,,,,,,,
f3610d0f5ffae773c0fa96f65b8d409d,,,,,,,,,,
0b48b03d8342258399d9bced9a3ae503,"('52603bff11d21a914be4eb71', 37.768616, -122.427227)",,,,,,,,,
f70db66502b4796997b8bba176c51dd0,,,,,,,,,,
a88bf5305774cc6c645ab2d1822fcd8e,,,,,,,,,,
9d87d3a0de545c12ed881712d64dad99,"('61c2962dd8024276e91cb963', 37.786613, -122.450296)","('4ae20cd2f964a5202b8a21e3', 37.786439, -122.450859)",,,,,,,,
2d86525ef086c2daeeb2251288a12f4b,"('5a1f55b214994667b259eb5a', 37.752924, -122.405087)","('4e31c4302fb6ede816e37534', 37.753277, -122.40604)","('60230879c9683c149a6bc428', 37.753168, -122.406606)",,,,,,,
89c279924b0a3ab2d27e3467fed4c212,"('43c12ef9f964a520392d1fe3', 37.77542, -122.458231)","('4a5692fdf964a5206fb51fe3', 37.775653, -122.458173)",,,,,,,,
f3005d50220aa753c49f411e3b76e170,"('5d0a985b972c0d0023090738', 37.794693, -122.404467)","('554076fd498ec1e6a4ae0b23', 37.796097, -122.404478)",,,,,,,,
0fdcfff2f1478e0e5a30f3e314103cea,"('4ce74d7d0f196dcb1cb13dae', 37.79446, -122.402804)","('56a86953498ee35f4e8cde5b', 37.794054, -122.402565)","('4c05a764191f20a11473e314', 37.794065, -122.402422)",,,,,,,
4dcfbaca6724925e3c8954925922392e,"('56593add498e44c8a53e41e8', 37.794474, -122.395779)",,,,,,,,,
d3c1dff282d36fbf963709c8b91b0036,"('3fd66200f964a5204eed1ee3', 37.772125, -122.422776)",,,,,,,,,
4483551f97cfd276503daebebdd3aaa5,"('4cc3700542d1b60c996a1713', 37.771983, -122.43531)","('49daea87f964a520be5e1fe3', 37.772058, -122.436891)","('43eb859cf964a5203a2f1fe3', 37.772123, -122.436895)",,,,,,,
aa0e5a1dd757b3c3bf56a453d2991fd4,,,,,,,,,,
f7897e831ad97c2fa5840e08da6bfaeb,"('461604b8f964a52045451fe3', 37.778646, -122.393413)","('4f272c66e4b08842e6c1c4b2', 37.778826, -122.391488)",,,,,,,,
6332163be54553da8f095c4fb801c725,,,,,,,,,,
7952c04aad8b091ffb0455792174bf01,"('4b4ab17ff964a5200d8d26e3', 37.729843, -122.398783)",,,,,,,,,
e7e40470c749afdcf9f32d8097472c0a,"('4ac9994ef964a52016c020e3', 37.786041, -122.408258)",,,,,,,,,
070137572879ff5807c0b7092e81cfac,"('49b7e0c6f964a5202f531fe3', 37.764902, -122.39841)","('5aac6c7ae0c0c97282b8ccf3', 37.764848, -122.398264)","('5554beb2498e0d5fcf357c1c', 37.765211, -122.399934)","('4085b980f964a52093f21ee3', 37.765119, -122.399857)","('413f9d00f964a520631c1fe3', 37.764935, -122.397982)",,,,,
34fc2deb07ec971cc936deebee9d6435,"('4a21b55df964a520327d1fe3', 37.764155, -122.394496)",,,,,,,,,
3fc45088ab7916d9c0dde2a509a40958,,,,,,,,,,
9e7245a7f1c5faae54bc2b3a62cc2f6e,"('43917d6df964a5205c2b1fe3', 37.764835, -122.421127)","('4a207e66f964a520937c1fe3', 37.764896, -122.419052)",,,,,,,,
4f4bfedc91a9c50b39029c95017786ab,,,,,,,,,,
36a236e6b9604e51e8d5fd525775d7c0,"('4bc767fd8b7c9c747d6536cf', 37.780415, -122.473147)","('4a5ea637f964a520f9be1fe3', 37.780317, -122.473571)",,,,,,,,
bb693a5b9de4a21a17519b20070bff77,,,,,,,,,,
52f32ae1f330ff50af83895a28ba2215,,,,,,,,,,
7f4a909e098fb6397beb2a26d0f8661c,,,,,,,,,,
0cf18ec4823b9cdecff532d3bdd14928,,,,,,,,,,
4cd2b4bfdb2c468ec1fe6574fb2ffaa0,,,,,,,,,,
4e07771716c0d80c636ae4877dd497a3,,,,,,,,,,
5289ffec013e1219c33bd45627d6cc15,"('4abad156f964a5200e8320e3', 37.73036, -122.475752)",,,,,,,,,
17468bb5d5f9880c081fd67d02762c04,"('4f08858fe4b0596c8ebe2dd0', 37.775367, -122.511534)","('4b8186c0f964a52084ac30e3', 37.774918, -122.511006)",,,,,,,,
f8a8b70e16e4e36c77cab3d32886e671,"('4ec020bbb8f7963bcdde0f6b', 37.715872, -122.440512)","('4ae3412af964a520629221e3', 37.716176, -122.439957)","('4a37f0d0f964a520959e1fe3', 37.716149, -122.439884)","('4b54d614f964a520f1ce27e3', 37.716057, -122.440667)","('4bcff5c641b9ef3bae61f9e5', 37.716046, -122.440809)",,,,,
43f0ae83504f3d5f0a3866f86f7981fd,"('582352764972292ad70ec0bd', 37.782376, -122.393346)",,,,,,,,,
7355d2865f4ab7430c4fccf859e70d74,"('4d2f60c9b97cb1f7bbaf9748', 37.808555, -122.249755)","('4a9ea79ff964a520cf3a20e3', 37.809004, -122.24856)","('509ffff5067d4e701338c501', 37.809287, -122.250012)",,,,,,,
cfbb2ba08c176b405de47c1aefc5417a,"('54f08677498ecc627d4dfc22', 37.780549, -122.48075)","('43a89f9df964a520752c1fe3', 37.780045, -122.480935)","('61199126349c3133bed20949', 37.779931, -122.481143)","('4a7e05aaf964a520abf01fe3', 37.780588, -122.479821)","('49fdf226f964a5204c6f1fe3', 37.780478, -122.481247)",,,,,
acc0686d1655e283c3fd8e56bf11dbb1,"('583f36b70b7e9312ee559aef', 37.785373, -122.395601)","('49d17c67f964a5208a5b1fe3', 37.785524, -122.397044)",,,,,,,,
fdf5f4679be9ae94f860552ca46a2648,,,,,,,,,,
81743daa45d7537f3516399929314c40,"('4ea4c6f55c5cd12b36a1db80', 37.765696, -122.422253)","('57746b60498ea064178a9fe8', 37.765084, -122.422145)","('41e46880f964a520e01e1fe3', 37.765051, -122.422573)","('49ba1cbdf964a5205d531fe3', 37.764764, -122.421624)","('43917d6df964a5205c2b1fe3', 37.764835, -122.421127)",,,,,
7d3b620f6bcf01c82cbcc4d38dcb9af2,"('5b958dd965211f002cdd93ab', 37.868505, -122.258807)",,,,,,,,,
c917d243667759fcfcd40ad6e5f094e3,,,,,,,,,,
0352198bb64490fc09c2d7bfd2604bcd,"('5484b6d2498e5509ca9b9962', 37.786808, -122.398625)","('5c3384fbacc5f5002c89a62c', 37.786982, -122.398922)","('57fbb40ecd1057f331ffd3e3', 37.787275, -122.398509)",,,,,,,
c6e8c3120ecdec6385cc3ae4a8350d9b,"('4ee965055c5c0575fa5a3fe7', 37.790044, -122.401182)","('537bb0eb498e2777ca31795d', 37.789274, -122.400993)",,,,,,,,
61899ad7362b9fd85580c8a4b01512f8,"('60be322754051f606f264692', 37.79042, -122.394106)",,,,,,,,,
ad26540e1125e68ab4879dc6fae3af6d,,,,,,,,,,
65134e1e5e8d3b200c458d533e7d544c,"('50a6999590e7783c56a9945c', 37.802244, -122.413373)","('4af65b71f964a5203d0322e3', 37.802749, -122.412327)","('4e7bb992b8f7369cee042390', 37.802071, -122.413076)","('429ba900f964a52082241fe3', 37.802986, -122.414349)",,,,,,
3841fc554143a337540447bec2f0fdb5,"('4b5f98a2f964a520a8c329e3', 37.349837, -121.887044)","('4db72a14cda18a0b609e5d01', 37.348803, -121.888206)","('50ad9a65f31c1a5986177b92', 37.349579, -121.886529)",,,,,,,
0267ea932e83058a086f124bb3201e01,,,,,,,,,,
8062a6539108d66e12358da13f13edeb,"('4460d33cf964a52009331fe3', 37.7698, -122.433532)",,,,,,,,,
48ba123e5a33a970f0997479f9794db3,,,,,,,,,,
4f47b8bd185f009310de3cfb7485fa33,"('5a273990a423620ac8bfe98d', 37.835922, -122.262959)","('5c41180bc97f28002b604b95', 37.836128, -122.262827)","('52fd936b498e9c816a9e42e0', 37.836193, -122.262831)","('51d77969498ebf3e103c1e6f', 37.836127, -122.261966)","('521fad7711d2ef5f512f4e73', 37.836079, -122.262178)","('595993d4db2aeb08864ffd0a', 37.836366, -122.262267)","('4a8a4baef964a5201a0a20e3', 37.835033, -122.262621)","('63dd42869ebc1474e3861296', 37.836534, -122.262205)",,
b46fb6a16744722ffa62b1ce67e39c24,"('5192672a498ef2510e39f67b', 37.837633, -122.26758)","('49e50d2df964a52087631fe3', 37.836911, -122.26718)","('4c116becd917c92822b5b562', 37.83715, -122.26748)","('4efa16109911b01dddd11a6c', 37.837014, -122.267114)",,,,,,
a7b644324531b20df09bb1f1199b560d,"('5f4b275d88944a58b58a81f4', 37.781045, -122.402659)","('55e756ad498ef95fd0bf6451', 37.780113, -122.40289)","('5286c60a11d2e1060ee04c81', 37.78137, -122.402678)",,,,,,,
d66319981ad69928f023203bb7187706,,,,,,,,,,
c5e47b7f70b288a5380083f24ea161fb,"('4a75022cf964a52043e01fe3', 37.801988, -122.269327)","('4c8b16ec52a98cfad73533e9', 37.802118, -122.269335)","('59f287f1b9ac386c15356d12', 37.803175, -122.26875)",,,,,,,
4083ecaf02c77e52e231c6b0722799bd,,,,,,,,,,
603633a3090a33202ead9a738b2769d2,"('4a0b640ff964a520f1741fe3', 37.796871, -122.42725)","('4a635294f964a520bfc41fe3', 37.797408, -122.427497)","('61ab1fc0d219623886e21306', 37.797879, -122.42774)","('4ba95beef964a520c2213ae3', 37.797836, -122.427451)",,,,,,
b1ac1179990a85f48f10858c0c955f25,"('4ab58ed5f964a5205d7520e3', 37.758386, -122.463953)","('4cb250c9ef1b3704f9614a00', 37.75812, -122.463579)","('4adb7a68f964a520ee2721e3', 37.75786, -122.463564)",,,,,,,
a05fe47c9fd8c5a7b7a26dd493c432e7,,,,,,,,,,
2a8959c3baaa195b792c530d7f9dd6e5,"('5ca54c4282a750002cf39340', 37.805957, -122.422913)","('594eef7ead17890c427f3cf3', 37.80594, -122.423557)","('4b819f25f964a5204ab330e3', 37.805878, -122.42297)","('437e6b00f964a520b72a1fe3', 37.805663, -122.422291)","('5b4d14ed1f7440003905a7a9', 37.805957, -122.422913)",,,,,
a5bd8d2ff1e04067ac03bc476dc774e6,"('43e879cbf964a5200f2f1fe3', 37.760483, -122.419508)","('53efd4be498e8443c77e660d', 37.760445, -122.418717)","('4e486864b0fb93df27242931', 37.760396, -122.419789)","('581d2f64de98371fb9dbecc1', 37.760445, -122.418717)","('4a771f1df964a520a5e31fe3', 37.760938, -122.419535)",,,,,
53c34886b92d0727ee65c8fd129c34bb,,,,,,,,,,
5f9edd66e1542839db53015eca6c8a07,"('58a3a06dbbec6606e1b580a3', 37.785418, -122.405712)","('5a2737c10457b734e89d1e29', 37.786064, -122.404532)",,,,,,,,
b883d49e7f389097a81bf73b17acc46c,"('6052a71a10c9ff6ee1e79fe8', 37.787103, -122.416377)",,,,,,,,,
fda7185b4c97e338faf660d39aa119cb,"('51cb89b3498ecefde020f273', 37.87534, -122.260422)","('4c168943daf42d7f02524466', 37.875248, -122.260345)","('4a73885af964a520b7dc1fe3', 37.875789, -122.260089)","('50bec17be4b089ddbd7a523b', 37.875253, -122.259842)","('56539efc498e1cb78c5e8714', 37.87547, -122.260429)","('4a628c44f964a5204bc41fe3', 37.875567, -122.260004)","('593ee92bf96b2c5af88f5f76', 37.875621, -122.259289)",,,
7e5268ba3d954970d713adc1dc286182,"('4af367d7f964a5204ded21e3', 37.783242, -122.441854)","('50a40e56e4b08a3c653f18c5', 37.782571, -122.441241)","('4b3b9a0df964a520cf7625e3', 37.782533, -122.44131)",,,,,,,
c91d4150a09e136d5cca66643c9f936d,"('5c412c22894eac002b342e7b', 37.801718, -122.4023)","('56d9901ecd108c3b1d8d9f9b', 37.801973, -122.401096)","('4bf17ba524f19c748d66f983', 37.801756, -122.40137)","('51fab36d498ed9dd7a061492', 37.802022, -122.400884)",,,,,,
68d800de7c6b093ac2340d6bab986410,"('42af6f80f964a5205e251fe3', 37.782468, -122.392563)",,,,,,,,,
ef28178bdcbbd76da0a630ecba6555a5,"('5cb29f8bc0f163002c1b54a9', 37.849059, -122.252014)","('46c742daf964a520184a1fe3', 37.850095, -122.252576)",,,,,,,,
7f25a5477bd79f776a9078c30f768517,"('4b58ac6bf964a520026528e3', 37.805344, -122.294205)","('4d97bf39647d8cfa522fde3d', 37.80478, -122.294746)","('56b94e81498e91a7b11acd98', 37.804699, -122.294526)",,,,,,,
fd03c3ceeecfe485dd0cdd8ef72f8e69,"('5ae10775e97dfb002c06c70a', 37.768521, -122.422491)","('54976d5c498eccc96c62bc55', 37.769594, -122.422125)","('44ff0c30f964a520a0381fe3', 37.769757, -122.421704)",,,,,,,
ded85e8cd7b30115d3ffec9b0777fb50,"('4b53623ef964a520fe9927e3', 37.822822, -122.266438)","('4bbe247a1416a593c8b5f33c', 37.821998, -122.266104)",,,,,,,,
c6056f5b51537a2dfd4bf1538444e335,"('4db33103a86e8d27076b1089', 37.323564, -121.880767)","('54fef97c498ed85c97c47bb8', 37.324082, -121.881797)",,,,,,,,
0ceed296dc7ef21bc6dc3999e23db576,"('4b0c3661f964a520fd3823e3', 37.336743, -121.876309)","('4551a697f964a520e93c1fe3', 37.336775, -121.876391)","('4b89fd8df964a520735a32e3', 37.336259, -121.876722)","('4b57e047f964a520c14428e3', 37.336933, -121.876471)","('4b05b47ff964a52043e122e3', 37.336397, -121.877087)","('5674ec9f498e6ba0bbbbe816', 37.335819, -121.876913)",,,,
398065f9acb4e27da84e4e78ed3de99c,"('4fbe64f57b0c49b697760e3e', 37.806196, -122.437696)",,,,,,,,,
0167c2413c3487d67d1dd7d906389959,"('3fd66200f964a520a8ed1ee3', 37.763835, -122.414976)","('49b1a93df964a520d9521fe3', 37.763254, -122.4153)","('5733645e498ee70c13a8e32c', 37.763362, -122.416453)",,,,,,,
625d6b7f33c6aec660a79f1afeaf3c30,"('4a424d0ef964a520b7a51fe3', 37.781301, -122.399735)",,,,,,,,,
981f5cc5c2c79e96e101c3c20cd56213,"('4c8a72e23dc2a1cda907ad32', 37.779424, -122.417903)",,,,,,,,,
1a53a1426ed4935f80f5865b7d2d676e,"('44e36f32f964a52041371fe3', 37.778639, -122.415778)","('43f5f8a9f964a520a92f1fe3', 37.779137, -122.4157)","('58901f9ce18e653095361b48', 37.778595, -122.415489)",,,,,,,
d0a123ad15c1a36560424772600f87dc,"('4f3210ba19833175d60d105e', 37.722321, -122.393254)",,,,,,,,,
4a3745a8d75f6261405f5e9a1b5e8f0c,,,,,,,,,,
4a766283f8c81155d42781201794fc18,,,,,,,,,,
5edf73914cb05d5a4ba7f03cc573a2e5,"('42e03700f964a52065261fe3', 37.793411, -122.422529)",,,,,,,,,
e7383e730f9fa46419cd5e84fcea3a88,,,,,,,,,,
74eca875c15c9468d4dbcece710bc596,"('5f6f6e036e051e459860738e', 37.331091, -121.887112)","('4b254fb0f964a520c56f24e3', 37.330568, -121.887084)","('5479770b498ecc35f98d3873', 37.33057, -121.886583)",,,,,,,
78af524c0f2ab327bf75ca1bee9d1e08,,,,,,,,,,
700a9ce7584edef750fd2f8481a9c802,"('5989205d64c8e12750122427', 37.786637, -122.419691)","('4a89e5c6f964a5204a0920e3', 37.786697, -122.419337)",,,,,,,,
b04f626c4d402aefbecd84d326e5fd55,"('59bb27f1f8cbd422291b5dd4', 37.773654, -122.391614)","('59cc5892418686045b5bc793', 37.773876, -122.391699)","('56c288a1cd106d58c5bf9495', 37.773383, -122.391741)","('5c1c606867a9fe00393caf84', 37.774261, -122.391363)",,,,,,
5f212a36c28e610e4e579916b4000dfb,"('4388f700f964a5201d2b1fe3', 37.797094, -122.40339)","('4cd0a38e5b5ca35de6317df0', 37.797485, -122.403413)","('60a7f3f75816a41edec3c6b7', 37.797506, -122.403987)","('4b1843cef964a520decf23e3', 37.796612, -122.403289)","('3fd66200f964a5205af11ee3', 37.796867, -122.402946)","('50be8ac5f31c223ae77cdeb7', 37.796503, -122.403857)",,,,
168084f0f6ef878a07cb0049fd00f52a,,,,,,,,,,
59d793b5df7d636956033d6eea577230,,,,,,,,,,
b815170d0444b1b5cc5f6746d98c31f3,"('4b033317f964a520704d22e3', 37.798365, -122.44698)",,,,,,,,,
8abfd40237f50ff2362082bfe32d8edf,,,,,,,,,,
af494e5a9e2088b870da22baaaf0e15b,"('49f798cff964a520c26c1fe3', 37.769057, -122.390197)",,,,,,,,,
b98c3de69eaf29844c9732daec3d6ff2,"('4a19b62cf964a520387a1fe3', 37.750793, -122.43427)","('49d00ea2f964a520fa5a1fe3', 37.751146, -122.434363)","('4a390f6cf964a520179f1fe3', 37.751195, -122.433291)","('61425e20de54531607965711', 37.751195, -122.433291)","('4c21afbe34faef3b6f79586d', 37.751124, -122.434648)",,,,,
51210c5c24903a6525cdfaec38109ec9,,,,,,,,,,
fc34cbf70e34346806c43b6579117bc0,"('515eeb86e4b009aa31d5af65', 37.800138, -122.45196)","('60b3b78df426547c8853dd7c', 37.799551, -122.453645)",,,,,,,,
df9c9c79952699cc041118a331ea9cc2,"('6057a1b49000240b6ab7553a', 37.725159, -122.444286)",,,,,,,,,
5dc0d98ea835b4c9743d4e2cdd515dde,,,,,,,,,,
97871d03b345e3aa1de1dbed3640b700,,,,,,,,,,
e427fa5d07c952f21297dbd9c7693407,"('5012dc62e4b0e259d29483ed', 37.723814, -122.454592)","('573246b1cd105290b8b0fcd1', 37.723987, -122.455748)",,,,,,,,
1a71ef24deb93ea8024083bb3f0ed6c2,"('4a3d4be3f964a52015a21fe3', 37.726682, -122.435494)",,,,,,,,,
9e198bfb3768336d1059c0b7dc3551fd,,,,,,,,,,
3b21c47a7d6413799ea24aa253b39afe,,,,,,,,,,
9c81093a3f86e1cc41f46b1838f6393e,"('4ac24af8f964a520989820e3', 37.763278, -122.478932)","('49ebf313f964a5204b671fe3', 37.763331, -122.479938)","('4b5b53cef964a520e3f428e3', 37.763614, -122.479668)","('4a71ba30f964a5206bd91fe3', 37.763293, -122.480007)","('59d2eb922955136af2fd0900', 37.763755, -122.478674)","('4ef930e9775b54cdb5fd28bd', 37.763652, -122.478739)","('54ee5259498e6903bec6240d', 37.763349, -122.478434)","('4a70fc10f964a520ebd81fe3', 37.76369, -122.47867)","('511bfb60e4b08d6c9307f46c', 37.763728, -122.4786)","('3fd66200f964a520d4ed1ee3', 37.763663, -122.478596)"
9b0277ca0bdb11f026046354302f18f8,"('4b04bb5ef964a520675622e3', 37.763079, -122.483218)","('3fd66200f964a52018f11ee3', 37.763473, -122.483004)",,,,,,,,
9b2224a1373751614a6294525f64a9b5,"('59ef8a4831ac6c2da0fe6bad', 37.825929, -122.253338)","('4a761393f964a5201ce21fe3', 37.825512, -122.253243)","('4ae910a0f964a5203db421e3', 37.825994, -122.253342)","('4645c0e3f964a52082461fe3', 37.825598, -122.252961)",,,,,,
daa8d15a7ecea64fbabdca15956a2f20,,,,,,,,,,
b949f871161f40eb2949854a85a0472a,"('4b78eda9f964a52086e62ee3', 37.319748, -121.893376)",,,,,,,,,
d671d6957e264a7b085310cc05298930,"('4ddc50bbd164236dd371b0b7', 37.776085, -122.402151)",,,,,,,,,
6e78a70d9191e84c4e42094f11cc1a03,"('4c7a95c2566db60c5d65480e', 37.799874, -122.442626)","('508ec8bae4b0aaac8ae8f349', 37.799755, -122.443335)","('5aa35350610f0442f5c167d9', 37.799858, -122.44241)",,,,,,,
f6c781054ead7bb20ebc00b4c71df148,"('50ee42abe4b08462bdd2fefd', 37.364275, -121.871347)",,,,,,,,,
338a6ebbd36aadefe8e02fe32c0cbad0,"('49f67c43f964a520486c1fe3', 37.79354, -122.399452)","('459b7818f964a52089401fe3', 37.793446, -122.399232)","('53221a72498e79092136b979', 37.792896, -122.398052)","('5a03ae7366f3cd6001ed55d7', 37.793638, -122.399027)",,,,,,
db74e777cff989d3092874407066be1b,"('3fd66200f964a52090ed1ee3', 37.789787, -122.405827)","('63327726b0a744036eab3e26', 37.790335, -122.40507)",,,,,,,,
1ec14f81aa8ab53a816605d7b4e95718,"('457ff3d0f964a520553f1fe3', 37.77248, -122.404448)","('506b9478e4b0fa7d3a466c6c', 37.772789, -122.404251)",,,,,,,,
673e986859c497d19910fb855d883df7,"('4c6df90d4d24b60c2eaad7d8', 37.824108, -122.277135)",,,,,,,,,
a1e040b32aa8e99ec1bf2f45df9f21e9,"('4a0af16df964a520b2741fe3', 37.771036, -122.386083)","('4a31c246f964a520219a1fe3', 37.772608, -122.386893)","('4de13535c65bcc724f534d7e', 37.771036, -122.386083)",,,,,,,
2c100d9e4d0c938b6ad09e600ca47359,"('59f4a4825ba0466a8a09d7cb', 37.812143, -122.261158)","('516b3b89e4b0416e3694fa4b', 37.810858, -122.261299)",,,,,,,,
8d7a98f0ca21bd4480ed0f4ef325deb7,"('51cdfa11498e45e34472a6cb', 37.731021, -122.444132)",,,,,,,,,
30e0fcdd9de72e8344b6289760bb788b,"('555e58ad498e9137bc49f191', 37.749376, -122.386029)","('58703af80bc55b0a673d6a24', 37.750965, -122.387054)",,,,,,,,
37b6933a84b09d2210c7d8e02b0ca24f,,,,,,,,,,
6031193f19bd40cf2b23f30885bac302,"('62d357c339fe1a785564a977', 37.802502, -122.456473)","('4c3fa1d0b3ce76b0dfef3d9f', 37.801669, -122.45542)",,,,,,,,
b8644a87f64a3672609640fee7a2adc2,,,,,,,,,,
f69e56899850a97f22c2c773f7f298bd,"('50709df7e4b0c9f5cfd97f4a', 37.812766, -122.268514)",,,,,,,,,
7201ad6fe2a1e03ff9ea5749d84c354d,"('49cebb1bf964a520785a1fe3', 37.803372, -122.270483)",,,,,,,,,
1feac469cb3c80737bac815a7a5ebabc,"('575f4936498e1f05d646e847', 37.788919, -122.391938)","('61a69cdccda59c2ad42fc821', 37.789748, -122.391772)","('565939d6498e8673e8df7a67', 37.788756, -122.393219)",,,,,,,
3ed879a85fa1fb4c29cb8fae8aaf6ea2,,,,,,,,,,
e39f47e22d92b577730c9775a91ada5f,"('4be9c54b61aca59345f68200', 37.825371, -122.260772)",,,,,,,,,
dc67baf6606c0c454dcc83620d2c2c68,"('4ac69762f964a5204bb520e3', 37.788926, -122.444843)","('4aeb3d87f964a52002c021e3', 37.788888, -122.444913)",,,,,,,,
1edf61345559602d4fdbe99ff0435d6d,,,,,,,,,,
bb24af92bc9bac069a94fdfb41416cfb,"('3fd66200f964a52066ed1ee3', 37.770346, -122.445174)","('4a76413ff964a520b8e21fe3', 37.770519, -122.444611)",,,,,,,,
7bdc5767ed0d5584df3a881a0f14d8f4,"('4b3c15fdf964a520958125e3', 37.741839, -122.387163)","('4aa9b3b7f964a520f55420e3', 37.741774, -122.387159)","('4b8091dcf964a520a17d30e3', 37.741801, -122.387233)","('4c083cc6bbc676b0524346d5', 37.741839, -122.387163)",,,,,,
4abc42e82f8ded5c57afb682b7cdb3d7,"('45a578cdf964a52000411fe3', 37.768378, -122.412807)",,,,,,,,,
c00825d99ce3a531a80181f00591df1d,"('4bef648f2ff520a16b8fe8a2', 37.835347, -122.281015)","('4bef655ec80dc928daf027e3', 37.835412, -122.281018)",,,,,,,,
808403b6d452824362356cade06f780c,"('5914e8fae1f0aa603aa3c369', 37.785195, -122.41975)","('40e4a580f964a520f5091fe3', 37.784806, -122.418866)","('5258a7db11d2c9469e715fd8', 37.78576, -122.418349)",,,,,,,
9cd844a2550061d3844a92096a4d813c,,,,,,,,,,
b6711ddae98be23ce743e6d9639a906a,"('4a844f01f964a5203bfc1fe3', 37.77528, -122.39343)","('4a1070c1f964a520c5761fe3', 37.77534, -122.393075)",,,,,,,,
afbe353b9aed12eef5acb85e441d69d1,"('5a5ae2e61987ec08f0b75431', 37.834058, -122.263426)","('4a89b073f964a520b90820e3', 37.834226, -122.263364)",,,,,,,,
d9de41e1c87470529dcbb1b43bd76eaf,,,,,,,,,,
99889922f5848c7ca3e2c2f740cebd9f,"('50a1bb99e4b006efbc783ede', 37.753912, -122.479233)","('519ed023498e43b1dcd345b5', 37.75439, -122.478115)","('4ab81a99f964a520357c20e3', 37.753988, -122.478235)","('4a7501d4f964a52042e01fe3', 37.754347, -122.477826)","('51c655f2498e6def8b699314', 37.754075, -122.477953)",,,,,
9988c535057533619fdb58b42055c6fa,"('563aa3bbcd10ecd30239792c', 37.754146, -122.483831)","('4d8577398de9721ed4264851', 37.753729, -122.483735)","('50e8aae7e4b074c1b95e4330', 37.753679, -122.484806)",,,,,,,
0f792274b026e9a847cfef3872a3fa00,"('4abd79c6f964a5208e8a20e3', 37.753556, -122.488954)",,,,,,,,,
813512459d9c9f8a7291e00a9c46e467,,,,,,,,,,
a8ad4be2133b3245c07419ddb7684eb7,"('4b1c8c7ef964a520600824e3', 37.762671, -122.500387)","('5e9baca9d10b66000878b22c', 37.762155, -122.501574)","('5a80fb2aa92d987ed61f1676', 37.762671, -122.500387)",,,,,,,
c3288c5dc8fec444070c4aeb739f23e8,,,,,,,,,,
ba68e968feece64c5ae1449160642bd1,"('4e285a3518a83a1362312e45', 37.763555, -122.50968)",,,,,,,,,
2e1a346200097628f0f01d08478a319d,"('55dd4192498ee15d2ea9da76', 37.752781, -122.504092)","('4a73619af964a52050dc1fe3', 37.753193, -122.50469)","('56d74386cd10dff01acdb949', 37.75284, -122.504597)","('4a75d4c6f964a52060e11fe3', 37.752818, -122.504883)","('4db0bc8e0437a93f7f7a23e7', 37.753198, -122.505048)","('6019f94a5a1c413a68a6dc09', 37.752787, -122.503591)",,,,
91bba2bf0246d6623c164d42c47736e4,"('5c2953059be522002c154ac6', 37.763867, -122.475528)","('4b36aa2ff964a5203e3a25e3', 37.763493, -122.475721)","('51ead7342fc6656e0c53d89e', 37.763736, -122.47638)","('5ad80f2fcbcdee2fdeb3ed46', 37.763862, -122.47431)",,,,,,
df10df40d6e917dc5950502045c2c6d8,"('5107fc22b0ed34df491330a9', 37.756653, -122.502175)","('4b53507df964a520e69627e3', 37.757027, -122.501983)","('5aef8bae4c954c002c76183f', 37.757022, -122.501624)",,,,,,,
2d86977182197367c646152cca0e821a,"('4b871450f964a52059af31e3', 37.753021, -122.508189)",,,,,,,,,
9a18b71be61bcec4e11553e09ff2911e,"('4b48ee5bf964a520e85d26e3', 37.751189, -122.498052)","('4c85460151ada1cdb03c3610', 37.751595, -122.498291)","('49f795c7f964a520bd6c1fe3', 37.751151, -122.498122)",,,,,,,
9acfb5cd8e156f410d3463f9a42afc72,"('5df7e3139bfbe60008cc52e6', 37.804026, -122.41527)","('3fd66200f964a52053ed1ee3', 37.803744, -122.415541)","('557c6585498ebf798e085856', 37.805034, -122.416621)",,,,,,,
a7154dfcba68b868867b64a11d8a7a56,,,,,,,,,,
cd7a5ce186d9176b083cd322482ef36d,,,,,,,,,,
3d313d16cad18a25bd406bfaef335b65,,,,,,,,,,
2fcc4197d2f7cdce6cececa4496ec514,"('4bd499ea6f6495217ab56dec', 37.783911, -122.389063)",,,,,,,,,
366a420aef7c94bd8bcbe1e6557d2f1e,"('58a8fc412321c67cca7ee144', 37.785021, -122.431853)","('4a1babcbf964a520047b1fe3', 37.784978, -122.431564)","('63f2f0e7d8d011760af70ed5', 37.784928, -122.432636)",,,,,,,
c0a9bd7193ca3e9de37807ec58cc08d8,"('49f099d3f964a52038691fe3', 37.782954, -122.400764)",,,,,,,,,
e11fc22c0e5448c0c115dfeca7a6f506,"('582352764972292ad70ec0bd', 37.782376, -122.393346)","('42af6f80f964a5205e251fe3', 37.782468, -122.392563)","('4acec143f964a520d2d120e3', 37.781525, -122.392937)",,,,,,,
456bf3370b191fab5745567356a8423f,,,,,,,,,,
f90fd0c728ade1a5f3ca0327f3f7eccb,"('4dc5d04f45dd2645527b5a28', 37.346947, -121.868558)","('50774acae4b0f934e7c2aadd', 37.34708, -121.868064)","('509a0e25e4b05e37709f570a', 37.346861, -121.86884)",,,,,,,
c8eb138910e36025b0efee10ac872b06,,,,,,,,,,
d2ecf05eb79484709ace4023669702f9,,,,,,,,,,
0129b835b33f6afca778ebfb90453aad,"('49f35850f964a5208d6a1fe3', 37.781216, -122.421378)","('4bc77b370050b71392c7b83b', 37.781216, -122.421378)",,,,,,,,
ca8bbd40ae8b3beb63c5cc63a1c73a0f,"('4a562743f964a52091b41fe3', 37.855417, -122.260422)","('62b7d1c11a4b6869f172cc5c', 37.856761, -122.259925)",,,,,,,,
3649abee4c69d3d77dde28e45178e28a,"('52f3d3c311d2fa6250257ba7', 37.803105, -122.414499)","('3fd66200f964a52053ed1ee3', 37.803744, -122.415541)","('630a4372d1387f014383d240', 37.802807, -122.414553)","('429ba900f964a52082241fe3', 37.802986, -122.414349)","('5df7e3139bfbe60008cc52e6', 37.804026, -122.41527)",,,,,
936e00689968a8d14dc94153aa959f3f,"('4c09054ca1b32d7fb1e296f0', 37.789841, -122.390989)","('549a04ce498e198131a70d0f', 37.790112, -122.390001)",,,,,,,,
a861792de6f7790503849a5227a1f8c6,"('625a094d623ddd661c698ae4', 37.758881, -122.412247)","('4a8b6942f964a520660c20e3', 37.758881, -122.412247)","('4085b980f964a5208bf21ee3', 37.758973, -122.411464)",,,,,,,
66d26936d43ac2f677f522354e3ef5a5,"('564e0e98498ee2cb338012bc', 37.763906, -122.412758)","('5e8515aae18f4c00088437ab', 37.763044, -122.412492)",,,,,,,,
018bfeb8a511bb60ffbb0cab866667ab,"('4e0a83f41495b12d82382c71', 37.763863, -122.467073)","('443fddaff964a52039321fe3', 37.763716, -122.46771)","('3fd66200f964a52017ed1ee3', 37.764362, -122.46653)","('5d587ae5a1d53e00089f2fa4', 37.764844, -122.46663)",,,,,,
4e1430cadb362b419ab9c7b98552dc47,"('4ab5810af964a520087520e3', 37.797144, -122.433503)","('51bb1e118bbdaf7fa072b511', 37.797237, -122.434891)","('54486819498eb70df470216e', 37.79698, -122.434784)",,,,,,,
70369211f292150a6b4ee0dca590e273,"('5148960ee4b0905172eb88de', 37.759889, -122.436389)",,,,,,,,,
95814ccce398155f5f015f98691997e8,"('42c5d900f964a520d5251fe3', 37.776259, -122.426389)","('5cfaca87a2c00b002bd3242e', 37.776341, -122.425749)","('59e7d9cada2e006b9e519959', 37.776655, -122.425911)","('4a22c9cbf964a520897d1fe3', 37.776666, -122.425768)","('5aecc94a67e5f2002c35e3a3', 37.77581, -122.425861)","('4ad8deacf964a520811521e3', 37.776412, -122.425251)","('4ff74efee8895184a82bb234', 37.776557, -122.427195)",,,
8bcaedd0aae11bc0ca98eaddb741e0c0,,,,,,,,,,
fa32d245becfeba6d7b6034133e59d95,"('58c4ead8c0c89b4ea942e67b', 37.752329, -122.419313)","('4b64dfd4f964a52097d62ae3', 37.751923, -122.418214)","('4b54afd9f964a52016c727e3', 37.751554, -122.418766)",,,,,,,
ad6ea721fdfd2adb019b94851cd867fb,,,,,,,,,,
d1e2c9dcb40601ed84bb807ed68dd855,,,,,,,,,,
a8f100ba778a83e476dfe8d534b9b84f,,,,,,,,,,
e27d0571f6c72cbccd366407f81ec2c9,"('4b78bbc8f964a520ecdf2ee3', 37.77427, -122.427203)",,,,,,,,,
b7988dd90281c6ada0a09909480e8413,"('4a060428f964a520ad721fe3', 37.805474, -122.41385)",,,,,,,,,
8e711e8b90789c76e17e55c44e975fc1,"('59ec2ba23b8307453b9b787d', 37.780852, -122.412468)","('4eb5c12c991165b7628e0c3c', 37.780619, -122.411666)",,,,,,,,
db937467876feef9bb1695c3ea31779c,"('49f168eef964a520aa691fe3', 37.795486, -122.400068)","('637c298ac7ee712500ca62df', 37.795497, -122.399065)",,,,,,,,
5fa855c2c331a45b50d352a9d974d13c,,,,,,,,,,
9f8be529b2440f9bb6bd631df34da61d,"('57e7f97a498e56b061a36b71', 37.773636, -122.466151)",,,,,,,,,
1c1e81258c2a201450e8dcf8d2b749d0,,,,,,,,,,
56d0385bcfa455f8eaca562d8ba18ac3,"('4ec6e4b48b81dcfdc2c30205', 37.770534, -122.510671)","('4cd4d9ca76ab721e60e6696a', 37.769824, -122.510987)",,,,,,,,
fa1ea329b95e7733d38b7a6aab8e23d6,"('4bb765e62f70c9b6aa988630', 37.771269, -122.457841)",,,,,,,,,
477ed47b789459eda3a3ee2597c74f4d,,,,,,,,,,
d2ac19a2bb356f022983008bcd6ca5e1,,,,,,,,,,
db8d54f6cc7dcbbf1d74783000539749,"('4ddad998fa7675584c2f092c', 37.770608, -122.477076)","('4bdb198963c5c9b6c2552668', 37.771512, -122.477632)","('4c363d66ae2da59335d5fcc5', 37.770608, -122.477076)",,,,,,,
6aba782b9e02d7ae351e6e9f81a7c330,"('4aad7125f964a520556020e3', 37.768634, -122.458974)","('5503632a498ed86c104ab0ef', 37.768569, -122.45897)",,,,,,,,
1b3d97eca9393abbf229aef9b3f80fda,,,,,,,,,,
051b0abcc6ba494a27fc5ee5b0f8acf7,"('4b6b038ef964a520a1ec2be3', 37.768118, -122.452924)","('3fd66200f964a52057ed1ee3', 37.768958, -122.452616)","('417c4200f964a520c71d1fe3', 37.769197, -122.452057)","('4bc3a2f974a9a5931edad4f6', 37.769197, -122.452057)",,,,,,
