fsq_id,Longitude,Latitude,Elevation
575f4936498e1f05d646e847,-122.391938,37.788919,6.047857285
519ed023498e43b1dcd345b5,-122.478115,37.75439,105.513244629
4de9173588774aa92cb01bdf,-122.289761,37.8079,6.910205841
4bee58173686c9b66f6f246e,-122.395129,37.796842,3.186137199
5229375c11d283a864f7f305,-122.450356,37.765897,92.998687744
60934c1bc9549334f8c8c8c5,-122.433439,37.771865,46.598560333
58323ac165be58789a3fbada,-122.421532,37.743794,30.529579163
5f77701ff97f9d0e2af2825e,-122.264885,37.812059,8.210397720
4645c0e3f964a52082461fe3,-122.252961,37.825598,30.873718262
459b7818f964a52089401fe3,-122.399232,37.793446,3.809647799
42756d80f964a5207f211fe3,-122.265666,37.850483,40.409542084
5253feaf498ee244bf04cc79,-122.487505,37.77967,53.407413483
49d67986f964a520db5c1fe3,-121.883935,37.327903,29.510255814
4c4495cb56a7ef3b9e58ce21,-122.253992,37.862204,82.862670898
4ababe21f964a520b68220e3,-122.423254,37.774147,19.849740982
4ae9fafbf964a5202bb821e3,-121.886579,37.353185,21.712574005
4abbbdd9f964a520a38420e3,-121.889572,37.339582,24.350049973
459e2e1df964a520b2401fe3,-122.278318,37.79615,3.651138306
4db081eea86e63d211597ff5,-122.400221,37.799296,5.362390041
4511200df964a5208c391fe3,-122.3909,37.790762,3.452528954
51bb1e118bbdaf7fa072b511,-122.434891,37.797237,22.276559830
3fd66200f964a52057ed1ee3,-122.452616,37.768958,84.207221985
4b54df8ff964a520c7d027e3,-122.416154,37.77286,10.357809067
4a35805ef964a520109d1fe3,-122.42144,37.762851,13.971166611
54ee5259498e6903bec6240d,-122.478434,37.763349,68.388717651
4a4b78d2f964a52065ac1fe3,-122.291218,37.846697,7.225082874
4d2f60c9b97cb1f7bbaf9748,-122.249755,37.808555,2.512569666
56e0f646498e8a4679a6d4b2,-122.408092,37.763772,20.259649277
4c7ad512df08a1cd060fdf5d,-122.261035,37.844886,42.421100616
4a1fff67f964a520427c1fe3,-122.408059,37.782658,11.126059532
4b15947af964a52031af23e3,-121.87543,37.333527,28.163654327
4de13535c65bcc724f534d7e,-122.386083,37.771036,3.885828733
5ca54c4282a750002cf39340,-122.422913,37.805957,17.635704041
5c412c22894eac002b342e7b,-122.4023,37.801718,4.815660477
4a31c246f964a520219a1fe3,-122.386893,37.772608,3.197610378
4418754df964a5201e311fe3,-122.414699,37.76036,8.510962486
4a52ba72f964a520f4b11fe3,-121.894942,37.348916,20.310747147
49d68c61f964a520e65c1fe3,-122.393864,37.796057,1.799367070
4a14ae02f964a52064781fe3,-122.434342,37.771371,46.849472046
4db72a14cda18a0b609e5d01,-121.888206,37.348803,21.630231857
4b0b4f7ef964a5203f3023e3,-122.250772,37.837458,53.428382874
4d40c1b800e8a35d3312fefa,-122.242229,37.811243,6.352674484
581bcbdab148840eb13defc2,-122.289976,37.853747,12.256731987
49f626eaf964a520106c1fe3,-122.412611,37.751697,17.770792007
4bad463bf964a520bd403be3,-122.261689,37.840036,38.401493073
5c41180bc97f28002b604b95,-122.262827,37.836128,35.272026062
4d6ed46127316ea8a7cca7aa,-122.451158,37.727509,95.565773010
53b353fe498ec4fabbb421c8,-122.270581,37.849819,33.092445374
5cdb8a77febf31002cf60524,-122.430752,37.766419,37.874057770
4b5f98a2f964a520a8c329e3,-121.887044,37.349837,21.159282684
518309dc498e21dbe9058b9b,-122.397425,37.787129,8.037961006
4b254fb0f964a520c56f24e3,-121.887084,37.330568,28.919719696
56d74386cd10dff01acdb949,-122.504597,37.75284,14.596304893
58dff869b3cdc853091734fa,-122.426884,37.743418,39.463272095
6042aeb280ef454236b4de7d,-122.390963,37.771122,2.825445175
4ad8dd3ff964a5206e1521e3,-122.267238,37.866532,55.373210907
4fc7c071e4b06e4ecff8e93d,-122.412028,37.769745,6.326015472
56cb88ff498e223a0d752e97,-121.886466,37.33373,26.726373672
6052a71a10c9ff6ee1e79fe8,-122.416377,37.787103,42.734119415
52f3d3c311d2fa6250257ba7,-122.414499,37.803105,9.194698334
4a70fa6df964a520e9d81fe3,-121.896909,37.350876,18.744550705
4b1413def964a520e89c23e3,-122.282701,37.808661,8.097049713
4b265bb3f964a520807a24e3,-121.883503,37.337222,25.385675430
4b64dfd4f964a52097d62ae3,-122.418214,37.751923,22.485013962
5bd51be9947c05002c3a432d,-122.265741,37.846819,38.521114349
50a6999590e7783c56a9945c,-122.413373,37.802244,11.877614975
4bdc873d2a3a0f47f042b3b6,-122.396908,37.778347,3.488896132
4be1fbbc660ec928e858c83b,-122.389657,37.736714,15.299480438
53436734498e7f23eff637de,-122.260159,37.850864,51.650733948
60901c6fd2d3fd142427138a,-122.39396,37.787948,10.161211014
4486b2d2f964a5202d341fe3,-122.410097,37.800852,23.978418350
4a620525f964a520d6c21fe3,-121.913247,37.323228,34.806179047
4e2b4f1c1f6ebe544252959f,-122.434838,37.732549,61.236057281
5f349546a58a76498b527545,-122.438256,37.775743,60.348552704
5e6078e46c502e00070739b9,-122.42281,37.777546,20.658271790
43fb0c0ef964a520df2f1fe3,-122.421854,37.773503,16.937604904
43f703c9f964a520b52f1fe3,-122.433714,37.760769,33.166313171
57814797cd10c6e07dfc0b81,-122.392248,37.729588,16.705039978
5cb29f8bc0f163002c1b54a9,-122.252014,37.849059,62.635475159
5c17db6331fd14002cc1efda,-122.439043,37.784176,43.094871521
4aac0cfbf964a520e95b20e3,-121.894034,37.349341,19.939123154
54fef97c498ed85c97c47bb8,-121.881797,37.324082,31.656999588
4a8a4baef964a5201a0a20e3,-122.262621,37.835033,34.013412476
50ad5b86067d33c34bef6724,-122.405627,37.797348,15.426693916
591667529de23b672d0ec3cd,-121.900883,37.332903,26.367244720
5643c422498ee6f4e65ad0ad,-121.892833,37.340302,24.188016891
4c363d66ae2da59335d5fcc5,-122.477076,37.770608,86.384574890
4aa030a2f964a520a63e20e3,-122.260727,37.850756,50.686176300
50709df7e4b0c9f5cfd97f4a,-122.268514,37.812766,7.257798672
4a2821d8f964a520f8941fe3,-122.402375,37.765286,7.351801872
5e3c683c648f9f0008f3c872,-122.268407,37.874347,64.884201050
5f09357db86f39032b516f50,-122.422362,37.777253,20.147918701
60b3b78df426547c8853dd7c,-122.453645,37.799551,11.821831703
43f5f8a9f964a520a92f1fe3,-122.4157,37.779137,18.271528244
5740dcb3498e382e23897212,-122.275905,37.817732,8.513063431
4ae910a0f964a5203db421e3,-122.253342,37.825994,30.956928253
58c4ead8c0c89b4ea942e67b,-122.419313,37.752329,23.387113571
4b819f25f964a5204ab330e3,-122.42297,37.805878,16.767866135
59ef8a4831ac6c2da0fe6bad,-122.253338,37.825929,30.753610611
5694087d498e03c2041dc84f,-122.262076,37.819297,17.009157181
44edbcecf964a520e0371fe3,-122.408713,37.77431,8.308601379
4e285a3518a83a1362312e45,-122.50968,37.763555,7.738467693
4b5a88f3f964a52037ca28e3,-121.908776,37.321281,33.615680695
53ab8b36498efd284f85d7b9,-122.398671,37.787589,7.191781998
59d2eb922955136af2fd0900,-122.478674,37.763755,67.717765808
4a73619af964a52050dc1fe3,-122.50469,37.753193,14.908082008
50d73fb8e4b06651da909131,-122.431992,37.781319,34.231815338
4d97bf39647d8cfa522fde3d,-122.294746,37.80478,4.674529552
5dc48d5d66c37b0008250bf8,-122.421313,37.757077,21.714618683
4ba4d928f964a520e9ba38e3,-121.909536,37.361989,15.573490143
4a8e0c65f964a520e31120e3,-121.888499,37.335588,26.102210999
49ecf1def964a520b3671fe3,-122.433074,37.76085,30.268148422
51cdfa11498e45e34472a6cb,-122.444132,37.731021,72.298324585
435d7580f964a5201a291fe3,-122.421572,37.773589,16.866121292
463cf6b5f964a5203a461fe3,-122.251412,37.842343,52.902549744
5a33428625ecca176e716ca7,-122.422698,37.778077,20.885072708
49f35850f964a5208d6a1fe3,-122.421378,37.781216,26.572368622
4c31339c7cc0c9b6eb84ee9a,-122.278864,37.795651,3.578307629
5a2737c10457b734e89d1e29,-122.404532,37.786064,13.026350975
4db0bc8e0437a93f7f7a23e7,-122.505048,37.753198,12.910159111
5dc6f6d736cad800076c822a,-121.907944,37.320453,33.549270630
58d451f495383907dba37158,-122.397218,37.766562,4.309217930
5d62ea99ffec4e00078889cb,-122.438823,37.773217,61.465286255
43917d6df964a5205c2b1fe3,-122.421127,37.764835,12.996806145
49fd3a31f964a520146f1fe3,-122.476436,37.780293,45.504623413
44d43fb3f964a5204d361fe3,-122.416362,37.773955,12.209619522
42a4e380f964a520fe241fe3,-122.407999,37.76342,18.137603760
62e5b0c162ee2204736863a4,-121.913988,37.3237,34.458248138
4b353151f964a520202b25e3,-121.89655,37.356185,18.470020294
4cd0a38e5b5ca35de6317df0,-122.403413,37.797485,11.941958427
52603bff11d21a914be4eb71,-122.427227,37.768616,34.508247375
4ab01b2bf964a520ec6520e3,-122.441445,37.777557,71.128959656
60e0a63411913a782c8df046,-122.279459,37.871005,39.093822479
5674ec9f498e6ba0bbbbe816,-121.876913,37.335819,27.720075607
4e15fbae52b1b9e564457497,-121.876345,37.342588,24.773492813
4bb2595c42959c7430b7202c,-122.407046,37.777639,4.443113327
589f9cd575e13747e9a6b8c1,-122.497499,37.77547,54.286300659
53e55893498ed822e04fd909,-122.393401,37.795504,2.420453787
540c8a46498eb9ea5b8342b3,-122.254018,37.794086,8.547927856
4de2d7d118385df2b02e69be,-122.21148,37.774358,12.694824219
4b919e67f964a52057ca33e3,-122.252867,37.800283,4.134800911
4ac94ac4f964a52095bf20e3,-122.243589,37.811174,5.872241497
4a062117f964a520bb721fe3,-122.483646,37.782253,41.138370514
4b204910f964a520083024e3,-122.432523,37.761219,28.336967468
4a445686f964a52077a71fe3,-122.403691,37.7645,13.425543785
60230879c9683c149a6bc428,-122.406606,37.753168,16.616203308
4c168943daf42d7f02524466,-122.260345,37.875248,95.896331787
4a771f1df964a520a5e31fe3,-122.419535,37.760938,11.698388100
44ca68a6f964a52001361fe3,-122.425794,37.761342,15.457600594
50ef3b60e4b091d09373b5d5,-122.289693,37.806729,6.785523415
4ca4d6a3d7c33704acd2ac62,-122.420979,37.752626,26.889530182
4bd0e53141b9ef3b0f19fbe5,-122.283317,37.855294,20.076068878
4e0124e7483bd352f72095b8,-121.876769,37.342492,25.091430664
53c98e08498ec6ddfaf8b07b,-122.390479,37.736064,16.874540329
573e8ba3cd102b8b7351f55a,-122.405135,37.77197,4.736748695
63656ca45598da06d058388f,-122.49886,37.775463,54.848754883
562405f6498e32f69e70a7a3,-122.425782,37.761147,15.370888710
49dcd103f964a520a55f1fe3,-122.300465,37.86997,4.963123798
4c302764ed37a593d5926803,-122.405784,37.778128,4.088888645
509ffff5067d4e701338c501,-122.250012,37.809287,3.434951544
57d06497498e691ec2462b97,-122.265888,37.849356,39.422737122
44e37004f964a52042371fe3,-122.438179,37.775651,59.746871948
56593add498e44c8a53e41e8,-122.395779,37.794474,3.603601456
4a1c3a27f964a520267b1fe3,-122.272752,37.871244,50.945365906
4b4d31cdf964a520d7cd26e3,-122.28743,37.835811,6.030364037
4aa99475f964a5205d5420e3,-122.291235,37.840783,5.225396633
4af5d82ef964a520adfd21e3,-122.458544,37.780688,63.479808807
4ae6396ff964a520c5a521e3,-122.409326,37.788344,28.516319275
4ab3b005f964a520046e20e3,-121.899121,37.348061,20.288677216
57708baf498e779fa8e9a772,-122.271326,37.850286,32.786270142
52fc1300498e5a3085607bfd,-121.910077,37.316199,37.027374268
4e7bb992b8f7369cee042390,-122.413076,37.802071,13.959559441
5325ff61498e2ea84b9cac15,-122.376844,37.74063,4.104362011
6016187a5a1c413a68b6d687,-122.431736,37.764873,39.354049683
54f08677498ecc627d4dfc22,-122.48075,37.780549,43.298713684
516b3b89e4b0416e3694fa4b,-122.261299,37.810858,3.292811155
49ba1cbdf964a5205d531fe3,-122.421624,37.764764,14.143051147
4b53623ef964a520fe9927e3,-122.266438,37.822822,17.549257278
4ba95beef964a520c2213ae3,-122.427451,37.797836,29.442705154
4a75022cf964a52043e01fe3,-122.269327,37.801988,12.978921890
4a4b8a43f964a5206fac1fe3,-122.408512,37.776972,5.914205551
4e72bd668998f94a57e8526a,-121.894278,37.336556,25.696998596
4c678f449cb82d7f3f3a94d2,-121.892347,37.341912,24.463069916
4e98c9a3cc218247d90f32bd,-122.427931,37.751442,53.827190399
457ff3d0f964a520553f1fe3,-122.404448,37.77248,4.739449978
42853f80f964a5200c231fe3,-122.421348,37.756454,22.670450211
42926e80f964a5201b241fe3,-122.406585,37.771042,4.714906693
4b8446b7f964a520f12b31e3,-122.285316,37.81294,5.100375652
5c6b4cb7811045002c099a0c,-121.905565,37.332111,27.180967331
4ebd790ff790ce9dc916ff65,-122.255981,37.828181,28.828039169
520169f7498eb30a27c24173,-122.422413,37.797503,44.214145660
60488aa00c6bef49e243203a,-122.493027,37.782151,68.074150085
42accc80f964a52040251fe3,-122.421225,37.794392,56.796329498
4e395a0b887777123dd1e055,-122.404798,37.751672,15.764964104
4c8bed4acf3ea1431886f051,-122.28309,37.809187,7.068126202
548287ed498ed8a19e391254,-122.271204,37.804657,12.772336960
4e0a83f41495b12d82382c71,-122.467073,37.763863,80.974723816
4a060428f964a520ad721fe3,-122.41385,37.805474,4.605246067
5c0aefd112f0a9002cded0ab,-122.404753,37.771574,4.046185493
59e56a7f0fe7a053f3d23f54,-122.402238,37.770263,3.418502569
4fd60535e4b0b916eb507833,-122.287877,37.838587,7.381584167
4bef648f2ff520a16b8fe8a2,-122.281015,37.835347,13.578918457
4e74ba83922ef20af586d846,-122.411633,37.773989,11.131724358
4b4ab17ff964a5200d8d26e3,-122.398783,37.729843,18.325922012
4f3273a519836c91c7d9284a,-122.390446,37.739171,7.567288876
4e8694e50aafe7a08166f7a3,-122.414113,37.760143,8.301661491
50a2a081e4b049b5a6ee2c22,-122.270074,37.880818,76.942306519
5989205d64c8e12750122427,-122.419691,37.786637,39.114906311
54fb3d7a498e39df2f280ca8,-121.886075,37.353122,22.009185791
5d9ba9f0c664840008307138,-122.256776,37.828285,28.397211075
42e03700f964a52065261fe3,-122.422529,37.793411,60.354770660
51c655f2498e6def8b699314,-122.477953,37.754075,105.080345154
40c3b000f964a520e2001fe3,-121.884375,37.332106,27.455995560
5a08b0b4e65d0c20c653b266,-121.884131,37.339574,24.948242188
4c7a95c2566db60c5d65480e,-122.442626,37.799874,6.559613228
4a0af16df964a520b2741fe3,-122.386083,37.771036,3.885828733
417c4200f964a520c71d1fe3,-122.452057,37.769197,85.614532471
4b9eff30f964a520180f37e3,-122.298088,37.840136,4.931322575
528f8878498eb0db6d08293e,-121.889293,37.337041,24.771917343
602de07fd4234148c3ff9983,-122.288642,37.807168,7.057696342
4a394777f964a5204e9f1fe3,-122.421606,37.759603,16.788749695
53a4d689498ea115342ebc1c,-122.267411,37.807328,8.748906136
53a0ee8b498e527f3c70bfeb,-121.883705,37.318268,32.308105469
4a9ea79ff964a520cf3a20e3,-122.24856,37.809004,3.513285398
4abff1aef964a520289320e3,-121.909245,37.336641,24.802719116
4a63da64f964a520ecc51fe3,-122.425213,37.802417,27.662170410
5ae10775e97dfb002c06c70a,-122.422491,37.768521,13.167057037
5070e542fe1e70c3901483b7,-122.269541,37.80818,8.746676445
49ebd15af964a52034671fe3,-121.913355,37.323909,34.404975891
4fbe64f57b0c49b697760e3e,-122.437696,37.806196,3.529201031
45215c72f964a520ca3a1fe3,-122.269263,37.870285,54.101840973
5c3384fbacc5f5002c89a62c,-122.398922,37.786982,8.341918945
4a0f1944f964a52023761fe3,-122.262535,37.839776,37.727172852
5e35eb94bd1d4d00072bc762,-122.497719,37.775551,54.645164490
4bf6f62f13aed13a4d89eaf7,-122.425874,37.739672,61.828758240
58901f9ce18e653095361b48,-122.415489,37.778595,17.022047043
583f36b70b7e9312ee559aef,-122.395601,37.785373,18.052604675
56d9901ecd108c3b1d8d9f9b,-122.401096,37.801973,1.488123298
637c298ac7ee712500ca62df,-122.399065,37.795497,3.490244389
4c83ed6fd8086dcb887e8452,-122.253891,37.866686,92.945968628
4b19d3f4f964a520f6e423e3,-122.476459,37.780683,45.656982422
5a03ae7366f3cd6001ed55d7,-122.399027,37.793638,3.763778687
49c2d976f964a52030561fe3,-122.268857,37.873431,62.004276276
4f08858fe4b0596c8ebe2dd0,-122.511534,37.775367,8.092981339
42af6f80f964a5205e251fe3,-122.392563,37.782468,14.082419395
4c85460151ada1cdb03c3610,-122.498291,37.751595,36.240882874
4b1843cef964a520decf23e3,-122.403289,37.796612,5.850594044
57db14c9498ebe11d4a6e6db,-122.262416,37.81904,17.067346573
43067280f964a52023271fe3,-122.393425,37.795536,2.274304867
5c1bceeb0a08ab002c31a15c,-122.293617,37.841028,3.996329308
52fd936b498e9c816a9e42e0,-122.262831,37.836193,35.374073029
4a1babcbf964a520047b1fe3,-122.431564,37.784978,42.001632690
4efa16109911b01dddd11a6c,-122.267114,37.837014,29.387151718
44e36f32f964a52041371fe3,-122.415778,37.778639,17.600923538
5a2ae8f90c9f311a1b1f4d95,-121.86731,37.365119,27.216993332
4bdf7980e75c0f473a6dcb03,-122.47781,37.785315,41.132648468
4b7e0304f964a520f7de2fe3,-122.394199,37.737186,15.479240417
4b232d1ef964a5202a5424e3,-121.896353,37.351178,18.867546082
608e35bb5665f260bbf1fbfb,-121.881696,37.370301,23.701080322
4b78eda9f964a52086e62ee3,-121.893376,37.319748,31.703741074
43a016cbf964a5201b2c1fe3,-122.398806,37.787448,7.263063431
5f4b275d88944a58b58a81f4,-122.402659,37.781045,4.886880398
5484b6d2498e5509ca9b9962,-122.398625,37.786808,7.928975105
4cd35bb6793d224ba6b84810,-122.242681,37.811601,7.340930462
621bbf1a507988046365ff20,-122.438638,37.773721,59.340896606
5ce5ed2fd552c7002c078c26,-122.256692,37.828063,28.130350113
49fdbacbf964a520236f1fe3,-122.434456,37.789035,53.258926392
4b58ac6bf964a520026528e3,-122.294205,37.805344,4.569661140
5025bee7e4b0235587096c09,-121.905178,37.331581,27.023761749
4a998e16f964a5200b2f20e3,-122.299714,37.839719,4.142478943
4f833c3be4b0e533af027908,-122.389768,37.738601,8.584869385
5a480b9db8fd9d6ba9355f40,-122.217895,37.779861,17.727539063
4ddc50bbd164236dd371b0b7,-122.402151,37.776085,3.590332270
40c3b000f964a520e3001fe3,-121.884399,37.332564,26.951372147
49c5b7a8f964a5201f571fe3,-122.256543,37.809287,8.554393768
529e452911d2b1181cd2f09a,-121.887727,37.337218,24.975852966
4f272c66e4b08842e6c1c4b2,-122.391488,37.778826,4.954496861
57213571498e0718cd926737,-122.275709,37.800659,10.546741486
4a07929df964a52085731fe3,-122.456065,37.781172,66.159797668
584b00068f0be42a4dbf33ed,-122.434214,37.78373,40.530761719
52eb109611d2f169d2d80599,-122.421402,37.757365,21.066110611
51d3860f498ec834e85ea625,-121.894278,37.336556,25.696998596
4a6a86cdf964a520b0cd1fe3,-122.267642,37.8698,57.491916656
4b8ab3acf964a520d87a32e3,-122.260206,37.850436,50.499912262
4bd9eb38c79cc92806a37ce9,-122.458378,37.7791,67.360206604
4a53b54af964a520a4b21fe3,-122.401206,37.797751,5.210665703
4aa81f47f964a520734f20e3,-122.456165,37.781655,65.395233154
575730a3498e1522af37082a,-122.419479,37.768489,7.794156551
4ae20cd2f964a5202b8a21e3,-122.450859,37.786439,82.429122925
56539efc498e1cb78c5e8714,-122.260429,37.87547,97.553741455
50a1bb99e4b006efbc783ede,-122.479233,37.753912,103.586547852
52c74e73498e2c610807c6b8,-122.498147,37.775518,54.799549103
565939d6498e8673e8df7a67,-122.393219,37.788756,6.575918674
4a298355f964a5209f951fe3,-122.463288,37.764056,87.340919495
4cb0ecf5aef16dcb9359b554,-122.251059,37.838711,44.425472260
4b747584f964a520e8dd2de3,-122.392491,37.728851,13.875275612
42e03700f964a52063261fe3,-122.408828,37.788415,27.080781937
582f93631d21ba15a4acc52e,-122.267157,37.866375,55.279106140
4c3b73de1a1cd13aa162b60d,-122.263119,37.801344,8.373226166
50ad9a65f31c1a5986177b92,-121.886529,37.349579,21.308710098
49c6a621f964a52069571fe3,-121.889414,37.343302,22.889163971
582f70ae04aa4f5e81d0ea53,-122.278754,37.85087,22.476623535
58dd6376ca10703b62225c47,-122.293617,37.841028,3.996329308
4f1f0a71e4b03ae365ded94c,-122.293544,37.841001,4.034022331
46b9027ef964a520ca491fe3,-122.388693,37.782502,3.914713621
49f168eef964a520aa691fe3,-122.400068,37.795486,3.815167427
5bea4be5f05ca8002de976b5,-122.293544,37.841001,4.034022331
4abfe423f964a520d39220e3,-122.464359,37.762797,93.853332520
49b1a93df964a520d9521fe3,-122.4153,37.763254,6.126662254
4bf5e710004ed13a55a441a0,-122.397686,37.77208,3.608948469
4ab88596f964a520057d20e3,-121.916017,37.365334,14.645361900
40e4a580f964a520f5091fe3,-122.418866,37.784806,34.588779449
4ce5ed149f776ea87b174f22,-122.389677,37.73583,21.406953812
4085b980f964a52093f21ee3,-122.399857,37.765119,6.674904346
4d519b1a9b27721efe86b946,-122.272261,37.800592,12.231412888
4d40963900e8a35dda55fcfa,-122.276874,37.80593,12.308292389
557c6585498ebf798e085856,-122.416621,37.805034,7.623320103
53b4dd52498eef48c82d89a5,-122.423307,37.777475,21.176702499
60ad63f273a458130b2ae450,-122.422049,37.763458,14.851661682
49daea87f964a520be5e1fe3,-122.436891,37.772058,58.045787811
4cc88860e7926dcb39a25677,-122.22463,37.775926,12.147171021
61199126349c3133bed20949,-122.481143,37.779931,42.878177643
4a77ae99f964a520fde41fe3,-122.499218,37.775468,54.808967590
4be9c54b61aca59345f68200,-122.260772,37.825371,23.615411758
4a0c85b6f964a5203a751fe3,-121.905394,37.331598,27.227313995
5c0881f112c8f000397b6f1e,-122.278178,37.850848,23.169670105
4b48df53f964a520165b26e3,-122.251425,37.83509,49.532238007
5dd0ad6256b2c80008a5a966,-122.449789,37.766006,91.483558655
4ca2a4db554b236ac2402048,-122.435706,37.782309,40.744487762
40bd1880f964a520b3001fe3,-122.387321,37.787213,2.190000057
5c3163e4f193c0002c1a7868,-122.253695,37.799699,3.916943312
6019f94a5a1c413a68a6dc09,-122.503591,37.752787,18.679101944
4c45cd09da2176b08e45637a,-122.406354,37.757402,21.068090439
4a8dcd5ef964a520ee1020e3,-122.482937,37.782373,40.806171417
5da7b4431412d10008ca3f3a,-122.269109,37.808148,8.175526619
573f74a4498ee00a311d2ae0,-122.256761,37.828025,28.087604523
49f6609af964a520366c1fe3,-122.223809,37.775366,11.559128761
5aa43078829b0c28375e513b,-122.388272,37.760708,9.608526230
43e879cbf964a5200f2f1fe3,-122.419508,37.760483,12.444715500
475fbd10f964a520de4c1fe3,-122.402827,37.764435,13.510836601
4aa463e5f964a520ab4620e3,-122.399856,37.7858,9.061825752
4afcbb8bf964a520752522e3,-122.406291,37.727146,26.484804153
582352764972292ad70ec0bd,-122.393346,37.782376,14.198719978
4a89b073f964a520b90820e3,-122.263364,37.834226,32.817474365
5f5bb093b86b535e835df323,-122.456566,37.781167,65.913169861
53dd5236498e26a926d69c5d,-122.252295,37.851455,65.849205017
56d64679498e3ed8bc19624b,-122.267602,37.815612,10.001469612
4b54d614f964a520f1ce27e3,-122.440667,37.716057,62.764579773
4d7186cdd145a1cde06aa6f3,-121.88653,37.35227,21.844837189
4a63eb4af964a52002c61fe3,-122.253352,37.794986,10.068565369
5a9c4ec9c58ed74fd59216e3,-122.413099,37.787892,42.793674469
4bae7604f964a5203bb53be3,-122.392929,37.75747,14.436860085
61f2ea221d00055449e926a7,-121.901436,37.351178,18.741090775
53f055a4498e067053c38795,-122.266374,37.799302,11.707101822
4bbe8abc85fbb713b9037167,-121.904521,37.331332,27.172760010
4a21b55df964a520327d1fe3,-122.394496,37.764155,11.907347679
452b81ddf964a520393b1fe3,-122.407539,37.784255,11.195515633
58a3a06dbbec6606e1b580a3,-122.405712,37.785418,12.453109741
4e582401aeb7eff130d6643f,-121.884212,37.333069,26.923650742
60bd68639bf0196c336fa37c,-122.278805,37.850507,22.234397888
524fa179498e0b52fd6abe18,-122.40837,37.774565,7.918962479
5b4297c19411f2002c274de9,-122.438248,37.775613,59.708553314
4c6df90d4d24b60c2eaad7d8,-122.277135,37.824108,10.335266113
55dd4192498ee15d2ea9da76,-122.504092,37.752781,16.275669098
5554beb2498e0d5fcf357c1c,-122.399934,37.765211,6.530522346
49ca8f4df964a520b9581fe3,-122.407685,37.782425,10.261854172
4abc421df964a520ef8620e3,-122.270584,37.80807,7.938802242
5bcf03ccbe7078002c7aa887,-122.30051,37.87075,5.253532887
3fd66200f964a52017ed1ee3,-122.46653,37.764362,80.867767334
5e8515aae18f4c00088437ab,-122.412492,37.763044,8.844213486
4a424d0ef964a520b7a51fe3,-122.399735,37.781301,5.011157036
63dd42869ebc1474e3861296,-122.262205,37.836534,35.943901062
4b48ee5bf964a520e85d26e3,-122.498052,37.751189,37.805095673
4dc4494252b1e8f9f7b6ec51,-121.916017,37.365334,14.645361900
4b2c158cf964a5203ec124e3,-122.251711,37.841308,49.851764679
5b74ce4a2d270e001cc862da,-122.391036,37.771149,2.705445051
4cd4d9ca76ab721e60e6696a,-122.510987,37.769824,7.955884457
595993d4db2aeb08864ffd0a,-122.262267,37.836366,35.676967621
43027e00f964a5200c271fe3,-122.293775,37.841278,3.949074507
4a68c9ddf964a52007cb1fe3,-122.252909,37.858366,78.431892395
5c1c606867a9fe00393caf84,-122.391363,37.774261,3.202607870
4a67fdbbf964a5204fca1fe3,-122.243772,37.810605,5.249004841
4b453a9bf964a520920826e3,-121.884237,37.328209,29.223012924
4b78bbc8f964a520ecdf2ee3,-122.427203,37.77427,41.448333740
4b71ed7af964a520b3642de3,-122.396904,37.778282,3.288896084
43eb859cf964a5203a2f1fe3,-122.436895,37.772123,57.779396057
53cf2ef3498e1e5b6248251d,-121.884604,37.332385,27.113376617
4a628c44f964a5204bc41fe3,-122.260004,37.875567,97.937164307
4d8577398de9721ed4264851,-122.483735,37.753729,96.038169861
57e7f97a498e56b061a36b71,-122.466151,37.773636,72.409225464
4ad6765ef964a5204c0721e3,-122.464903,37.78278,57.736141205
49bc2d06f964a5201d541fe3,-122.40665,37.797662,20.832077026
4a999200f964a520202f20e3,-122.46461,37.782672,57.932254791
4ac69762f964a5204bb520e3,-122.444843,37.788926,74.245468140
49b7e0c6f964a5202f531fe3,-122.39841,37.764902,7.421377182
51e75312498e88c3ff328821,-122.410372,37.774478,8.452632904
56908ed5498e732a4fa8dfb7,-122.415654,37.766821,5.556865692
51ead7342fc6656e0c53d89e,-122.47638,37.763736,69.884567261
53bc952e498eda5dc4c5893f,-122.243029,37.811412,5.771162033
4e486864b0fb93df27242931,-122.419789,37.760396,12.653428078
521fea1411d2fec7e3b773c0,-121.874904,37.333072,28.239437103
4d1bfe5fc50e6ea8f342cfb8,-121.889938,37.33972,24.299320221
4dbcc98ecda109aa6ca56f68,-122.458309,37.779138,67.529167175
50b6e562e4b0132956c9367a,-122.291476,37.858565,14.091341972
46aa8f98f964a52062491fe3,-122.269589,37.879875,74.003387451
4b58c813f964a520e56a28e3,-122.279531,37.870505,38.527713776
4bf97f37508c0f4765583f31,-122.253416,37.793609,8.327746391
4a75d4c6f964a52060e11fe3,-122.504883,37.752818,13.553139687
4ae1f187f964a520048921e3,-122.390016,37.791581,5.017438412
41e46880f964a520e01e1fe3,-122.422573,37.765051,15.735410690
5d2a223bac5dfc0023b6424c,-122.247429,37.813043,7.799221516
4d2cbe57a40da35d470c8c77,-122.264809,37.840618,33.745521545
4c06940cb4aa0f4712516462,-122.439995,37.784528,43.546222687
4c2f6b30ac0ab713a5c71b1e,-122.253975,37.800821,3.720662117
43f0db4ff964a5207e2f1fe3,-122.42156,37.758823,18.550079346
4b4bd631f964a5201fa926e3,-122.268038,37.843086,30.583103180
5acaebb06f706a26438d47f8,-122.421598,37.759473,17.048749924
4adabbfff964a5201e2421e3,-122.267028,37.865372,54.371612549
56a86953498ee35f4e8cde5b,-122.402565,37.794054,5.296439648
4abfd903f964a520979220e3,-122.26709,37.865204,53.951759338
5192672a498ef2510e39f67b,-122.26758,37.837633,30.051259995
49f099d3f964a52038691fe3,-122.400764,37.782954,6.914309502
58a6042c005a0f686d9159b2,-121.900621,37.324027,30.494644165
5aac6c7ae0c0c97282b8ccf3,-122.398264,37.764848,8.658099174
4ac9994ef964a52016c020e3,-122.408258,37.786041,15.754463196
562d6734498efab73a388f9b,-122.390971,37.770043,3.662409306
4bd499ea6f6495217ab56dec,-122.389063,37.783911,4.481145382
4249ec00f964a5208f201fe3,-122.43767,37.775527,59.553230286
4a305bb8f964a52057991fe3,-122.266263,37.867062,58.580764771
4b89fd8df964a520735a32e3,-121.876722,37.336259,27.518096924
4e6507dfd22d509a3ab9785b,-122.272807,37.83492,24.026067734
4d63e217625f6dcb9f75705e,-121.902447,37.330035,28.804224014
592f829f0d8a0f7282e8c7c4,-122.39002,37.767273,5.019906044
4bb0f5c0f964a520fe6d3ce3,-122.272245,37.826436,17.438482285
555b8b7d498e2877d4286508,-122.398847,37.79179,4.330898285
61faff3f1bf6c758d92c1e72,-122.397433,37.778732,3.746199608
4cd064c27b6854812e44c1f8,-121.888342,37.343345,22.734783173
4f6f7673e4b08d8da7b0688f,-122.268,37.86605,53.702205658
4a7f4159f964a52074f31fe3,-122.251767,37.836044,51.377368927
566632b8498e606225258075,-122.293915,37.841202,3.895269871
4bc9d0c9cc8cd13a492ebccf,-121.902989,37.341451,22.723121643
50660553e0e249fbec8ef1c6,-121.884303,37.342778,23.434381485
562a7e02498e31c0f71e2a49,-122.398095,37.791194,4.611412525
4bbe247a1416a593c8b5f33c,-122.266104,37.821998,17.304035187
49f4f052f964a5207a6b1fe3,-122.458066,37.778667,68.050666809
588d00f1c0df762b4017bae8,-122.254856,37.79618,10.161391258
4b130e19f964a520709323e3,-122.390181,37.737099,12.969244957
4a42e8c8f964a52066a61fe3,-122.446848,37.775608,71.842636108
5daddd28a4f2c900078367c5,-122.403666,37.789625,15.365731239
4db33103a86e8d27076b1089,-121.880767,37.323564,32.388420105
63f2f0e7d8d011760af70ed5,-122.432636,37.784928,40.115844727
4ec69ef58b81dcfdc266c549,-122.265942,37.796786,8.503308296
49e5893bf964a520d6631fe3,-122.453212,37.786226,76.375038147
4b05b47ff964a52043e122e3,-121.877087,37.336397,27.448261261
45e98072f964a5207e431fe3,-122.430691,37.764169,34.006317139
589d125b005a0f47b970b12b,-122.420411,37.75878,17.924619675
44d3ade1f964a5204b361fe3,-122.394223,37.796062,3.164106846
49bc4271f964a52022541fe3,-122.449863,37.766033,91.271636963
5314d1ae11d2518ca5728259,-122.265209,37.807722,3.970750093
42ab7b00f964a52025251fe3,-121.902989,37.341451,22.723121643
5d6c364f228cfc000885be39,-122.414526,37.75985,10.267233849
49e79762f964a520d0641fe3,-122.42146,37.75834,19.018947601
5299661f498e2a6408e2f17e,-121.883823,37.3178,32.680416107
4a2c53e1f964a5204d971fe3,-122.290239,37.853335,12.591415405
5902b2880e5da82f213c6301,-122.293555,37.841196,4.005344391
5c436cc03fcee8002cc9d0d9,-122.232591,37.780854,11.599930763
4c393e38dfb0e21e2a3ab0a8,-122.432148,37.76458,39.528270721
61c2962dd8024276e91cb963,-122.450296,37.786613,83.859069824
4e31c4302fb6ede816e37534,-122.40604,37.753277,16.470125198
4551a697f964a520e93c1fe3,-121.876391,37.336775,27.255989075
56aaca82498e009d3013a818,-122.451336,37.731711,112.408843994
3fd66200f964a52018f11ee3,-122.483004,37.763473,64.705368042
49f798cff964a520c26c1fe3,-122.390197,37.769057,4.311347961
4a19b62cf964a520387a1fe3,-122.43427,37.750793,61.639328003
5e9baca9d10b66000878b22c,-122.501574,37.762155,27.853820801
49d17c67f964a5208a5b1fe3,-122.397044,37.785524,16.042680740
593ee92bf96b2c5af88f5f76,-122.259289,37.875621,102.472160339
46ae6edaf964a52083491fe3,-122.465189,37.782758,57.138160706
49dad092f964a520b25e1fe3,-122.420858,37.756655,22.154235840
4a5ea637f964a520f9be1fe3,-122.473571,37.780317,51.479286194
54486819498eb70df470216e,-122.434784,37.79698,23.936813354
5aecc94a67e5f2002c35e3a3,-122.425861,37.77581,23.875837326
4b53507df964a520e69627e3,-122.501983,37.757027,28.357463837
4b4917eaf964a520966526e3,-121.912623,37.331576,29.962692261
4e31c4302fb6ede816e37528,-121.87481,37.343353,26.733921051
4ae3412af964a520629221e3,-122.439957,37.716176,62.474517822
49f795c7f964a520bd6c1fe3,-122.498122,37.751151,37.645095825
4c09054ca1b32d7fb1e296f0,-122.390989,37.789841,3.613731146
49f729eff964a5206c6c1fe3,-121.913915,37.323672,34.468936920
630a4372d1387f014383d240,-122.414553,37.802807,9.681813240
511bfb60e4b08d6c9307f46c,-122.4786,37.763728,67.750900269
4c083cc6bbc676b0524346d5,-122.387163,37.741839,4.832124233
5953fc0595a72241ed1ee35e,-122.258899,37.866375,75.091835022
4ceef0660acea35d69fbebae,-122.280485,37.870857,36.725456238
4abfd80af964a520969220e3,-122.422679,37.777752,20.924985886
43fed1fff964a520fe2f1fe3,-122.393475,37.795531,2.466151476
52a67af3498ef4359edd85f4,-122.388056,37.760692,9.584833145
61a69cdccda59c2ad42fc821,-122.391772,37.789748,4.218059540
5afa8af166fc65002ce79c83,-122.272713,37.871802,52.169616699
554076fd498ec1e6a4ae0b23,-122.404478,37.796097,7.580775261
4a562743f964a52091b41fe3,-122.260422,37.855417,57.676067352
4b4bd02bf964a5208ea826e3,-122.425265,37.740274,57.525154114
5e124862b5b5ad00084cb2c6,-122.464973,37.782742,57.660766602
4085b980f964a5208bf21ee3,-122.411464,37.758973,8.650403023
4b0f227ef964a5208d5f23e3,-122.253324,37.86183,84.928215027
594ee6d14c9be64aea37574e,-121.875384,37.332677,28.392494202
4691813ef964a520ab481fe3,-122.251857,37.843845,54.114654541
4af65b71f964a5203d0322e3,-122.412327,37.802749,11.146799088
5418991a498e43d4e7d53b0d,-121.904925,37.332189,26.837930679
4bdb198963c5c9b6c2552668,-122.477632,37.771512,79.323486328
5badaa61f709c1002c6e909e,-122.243589,37.811174,5.872241497
5802c89a38fac47602212cc2,-122.38973,37.736741,14.999481201
570e6979498e636a8f1b2c1a,-122.268847,37.873999,63.642921448
51fab36d498ed9dd7a061492,-122.400884,37.802022,1.838769555
3fd66200f964a520d4ed1ee3,-122.478596,37.763663,67.840354919
59c291b5112c6c0ec95810d4,-121.90456,37.332051,26.632049561
4a70fc10f964a520ebd81fe3,-122.47867,37.76369,67.799148560
45bcc764f964a52009421fe3,-122.251511,37.836586,51.628292084
4eb080d76c25700fa9f283dc,-122.410399,37.746997,16.303842545
4da7775dced7d9235605d06d,-122.281346,37.823693,7.427668571
4f4d2366e4b05dbceaf642e2,-121.877731,37.325683,30.495248795
4ada8cf0f964a520702321e3,-122.286,37.830954,6.842209339
4a8b6942f964a520660c20e3,-122.412247,37.758881,9.274887085
5a1f55b214994667b259eb5a,-122.405087,37.752924,16.649585724
4e68d4d9cc3f39dbbd1e4ded,-122.401217,37.797946,5.649234295
5269d26011d2a7b88168d715,-122.269014,37.869925,54.872093201
4b8479d5f964a520c13731e3,-122.391198,37.732446,28.023630142
6281c06d9689df69ebd3efc4,-122.387273,37.760784,5.491910934
4388f700f964a5201d2b1fe3,-122.40339,37.797094,9.250906944
5cfaf1b2f5e9d7002c841369,-122.441815,37.776549,65.285232544
4b8b003df964a5208e8d32e3,-122.267267,37.833442,28.308013916
41575800f964a520361d1fe3,-122.263559,37.801507,9.057445526
4ab81a99f964a520357c20e3,-122.478235,37.753988,105.567924500
603c74ce0b83da71e9ad1147,-122.274225,37.801065,12.053168297
49e05c38f964a52052611fe3,-122.405295,37.797798,20.487855911
51cb89b3498ecefde020f273,-122.260422,37.87534,96.473556519
5031b899f31c3dae0d25559a,-122.395499,37.737348,16.502016068
57fbb40ecd1057f331ffd3e3,-122.398509,37.787275,7.539874554
4a76413ff964a520b8e21fe3,-122.444611,37.770519,82.359870911
3fd66200f964a52053ed1ee3,-122.415541,37.803744,10.762882233
49be8fe0f964a520b9541fe3,-122.438969,37.773271,61.597934723
45206915f964a520b73a1fe3,-122.408555,37.774061,7.347983837
4fe4d56ce4b05d1edb84a458,-122.252752,37.861873,87.058868408
5be0dc41037be1002c89d017,-121.888917,37.336707,25.697895050
3fd66200f964a52044ed1ee3,-122.406275,37.797397,18.014928818
4abad156f964a5200e8320e3,-122.475752,37.73036,56.766666412
4a626a84f964a52004c41fe3,-122.452926,37.786248,77.380836487
50ee42abe4b08462bdd2fefd,-121.871347,37.364275,25.782072067
5d587ae5a1d53e00089f2fa4,-122.46663,37.764844,79.949745178
4eb5c12c991165b7628e0c3c,-122.411666,37.780619,12.581169128
59cc5892418686045b5bc793,-122.391699,37.773876,2.722597837
6057a1b49000240b6ab7553a,-122.444286,37.725159,59.490997314
59a07c348ad62e286c3c0918,-122.449789,37.766006,91.483558655
4b2d4e69f964a520bdd324e3,-122.405281,37.772024,5.013284206
5578dcc9498e2416e3dd2774,-122.391465,37.771117,3.212890387
4ea4c6f55c5cd12b36a1db80,-122.422253,37.765696,15.458169937
5418d2cd498ee5ccc0ead6cc,-122.258899,37.866375,75.091835022
61ab1fc0d219623886e21306,-122.42774,37.797879,28.153432846
58802d393bd4ab4fd4ae34eb,-121.907944,37.320453,33.549270630
555e58ad498e9137bc49f191,-122.386029,37.749376,3.204998255
4c2bf40c8ef52d7fe34932ba,-122.452853,37.786221,77.682792664
4bc3a2f974a9a5931edad4f6,-122.452057,37.769197,85.614532471
4a9ac750f964a520a43220e3,-122.300074,37.870652,5.500356197
57e7d742498e41e2e5e9c4d2,-121.900894,37.3331,23.892532349
5b4d14ed1f7440003905a7a9,-122.422913,37.805957,17.635704041
4b3b9a0df964a520cf7625e3,-122.44131,37.782533,56.708992004
4e9779a9cc2197883ab989e1,-122.438491,37.776085,61.283302307
4cc3700542d1b60c996a1713,-122.43531,37.771983,51.058879852
580548cf38fa9a9828f34da5,-122.408035,37.784686,11.736515045
563aa3bbcd10ecd30239792c,-122.483831,37.754146,95.703048706
4c60b005b6f3be9ab2126073,-121.886457,37.352242,21.741106033
4d8cab3ffe8d41bdeb40d705,-122.224689,37.775693,11.848614693
550a2592498e39ec12b5721b,-122.251968,37.850761,65.558982849
3fd66200f964a52066ed1ee3,-122.445174,37.770346,82.985580444
4bc77b370050b71392c7b83b,-122.421378,37.781216,26.572368622
4a207e66f964a520937c1fe3,-122.419052,37.764896,8.748769760
4a6692e6f964a520bcc81fe3,-121.87481,37.343353,26.733921051
59e7d9cada2e006b9e519959,-122.425911,37.776655,23.272674561
46917fb2f964a520a7481fe3,-122.252683,37.850708,64.773017883
5cf3e65ecabcff002c8a9702,-121.894278,37.336556,25.696998596
625a094d623ddd661c698ae4,-122.412247,37.758881,9.274887085
5012dc62e4b0e259d29483ed,-122.454592,37.723814,89.691055298
4f25c085e4b0020c302272c5,-122.264627,37.797636,9.742289543
4ff74efee8895184a82bb234,-122.427195,37.776557,26.679901123
4a1b1758f964a520cd7a1fe3,-122.25829,37.865768,75.032829285
57e40ce5498e264f523536d8,-122.39994,37.787231,7.318439484
4aad7627f964a520686020e3,-122.421098,37.793455,58.482330322
5914e8fae1f0aa603aa3c369,-122.41975,37.785195,37.430519104
51d77969498ebf3e103c1e6f,-122.261966,37.836127,35.839324951
4b0c3661f964a520fd3823e3,-121.876309,37.336743,27.151365280
50ab8755e4b0869279a80872,-122.430694,37.764234,34.506317139
5479770b498ecc35f98d3873,-121.886583,37.33057,28.589229584
435ec700f964a52021291fe3,-122.39814,37.783448,15.498010635
573246b1cd105290b8b0fcd1,-122.455748,37.723987,87.788238525
59f4a4825ba0466a8a09d7cb,-122.261158,37.812143,4.178532600
548d1d13498e8e0d8ac97f28,-121.887381,37.333435,26.499900818
4f46e125108184d2b357c7fa,-122.293915,37.841202,3.895269871
4ab58ed5f964a5205d7520e3,-122.463953,37.758386,110.327781677
52e973ac498e9ba67f65257e,-121.897055,37.344269,23.908304214
567b069d498ef1df2450654e,-122.27261,37.804159,14.154026985
4e4d02b1bd413c4cc66df784,-122.487401,37.780331,49.254981995
461604b8f964a52045451fe3,-122.393413,37.778646,6.654008389
4d40d13acb84b60c78c489ab,-122.433941,37.771859,46.552074432
4a2d422ff964a5209c971fe3,-122.44684,37.779104,89.174804688
4aef7bccf964a520c8d821e3,-122.299872,37.865933,6.327336788
4a579f7cf964a5207bb61fe3,-122.419344,37.772257,11.228410721
4a5692fdf964a5206fb51fe3,-122.458173,37.775653,69.131881714
49b06161f964a520ba521fe3,-122.408415,37.776555,5.822077274
5107fc22b0ed34df491330a9,-122.502175,37.756653,27.857654572
4aad7125f964a520556020e3,-122.458974,37.768634,75.693954468
4e7fd43ebe7b414d61ef63d8,-122.497811,37.775903,56.584510803
40de0e00f964a5208e011fe3,-122.268974,37.879613,75.297401428
43a47bc4f964a5204b2c1fe3,-122.267266,37.857058,44.245990753
46917eeef964a520a5481fe3,-122.252613,37.850745,64.793022156
58703af80bc55b0a673d6a24,-122.387054,37.750965,5.059505463
4b871450f964a52059af31e3,-122.508189,37.753021,7.811264038
4bcff5c641b9ef3bae61f9e5,-122.440809,37.716046,62.689998627
4e166517b0fb42f987329f02,-122.406354,37.757402,21.068090439
4df64c2f6284fefe8fcb8d67,-121.909763,37.336966,25.012603760
49fca311f964a520c56e1fe3,-122.256314,37.827732,29.561882019
4b6b038ef964a520a1ec2be3,-122.452924,37.768118,82.825012207
4bcb7c1a511f95216599b1c7,-122.271567,37.849484,31.635025024
508ec8bae4b0aaac8ae8f349,-122.443335,37.799755,6.754459858
48569a17f964a520b6501fe3,-122.497788,37.775513,54.283638000
4ddad998fa7675584c2f092c,-122.477076,37.770608,86.384574890
4bc78ddb92b376b087f14f3a,-122.468146,37.781878,56.457401276
4a8f0f7bf964a520ca1320e3,-122.24656,37.812912,4.791421890
4b9d239df964a520249336e3,-122.278769,37.870987,40.768218994
4d7ffbf5577eb1f7bd3fa0d3,-122.26556,37.826253,22.100023270
4bde24e90ee3a593632b30b0,-122.265733,37.7969,9.408164978
4a336d27f964a5202e9b1fe3,-122.493273,37.781479,65.417144775
4c116becd917c92822b5b562,-122.26748,37.83715,29.369148254
4af367d7f964a5204ded21e3,-122.441854,37.783242,56.386714935
4a8c1959f964a520f60c20e3,-122.398624,37.770963,0.777474642
4ac24af8f964a520989820e3,-122.478932,37.763278,69.005966187
4ec020bbb8f7963bcdde0f6b,-122.440512,37.715872,64.184577942
4abd79c6f964a5208e8a20e3,-122.488954,37.753556,81.411819458
59ec2ba23b8307453b9b787d,-122.412468,37.780852,13.564391136
57293afc498e466374bca6ab,-122.399047,37.784228,8.792466164
516a2025e4b0b25be7de59b6,-122.450978,37.731706,111.465209961
5ab6b34bf5e9d75851f476dc,-122.293845,37.84124,3.928395510
53644323498e8964add3b940,-122.438352,37.776161,61.123538971
4c21afbe34faef3b6f79586d,-122.434648,37.751124,63.154247284
5cfd61ae60d11b002c735184,-121.883748,37.339109,25.060134888
45eaff58f964a5208e431fe3,-122.425736,37.761575,15.128211021
49eb7f48f964a520e5661fe3,-122.424322,37.774033,22.179914474
54d44b32498e9cbc5cdd2a95,-122.269009,37.879788,75.665115356
52f68391498e8f7e37301c92,-122.407804,37.781992,10.967723846
4a89e5c6f964a5204a0920e3,-122.419337,37.786697,39.232696533
52c8aaa411d2c75d43e29ee4,-122.420618,37.744093,30.620859146
4a390f6cf964a520179f1fe3,-122.433291,37.751195,58.508800507
49d00ea2f964a520fa5a1fe3,-122.434363,37.751146,60.912082672
4c68845b607ad13ab3f7a82b,-122.217509,37.779399,17.015323639
4a7f5eecf964a520cef31fe3,-121.912742,37.332454,29.602420807
5a51952ea35dce5caa2c1be8,-122.410642,37.747468,14.046247482
624d005ab6f53606d2fab984,-122.42102,37.759387,17.387207031
5a80fb2aa92d987ed61f1676,-122.500387,37.762671,30.170442581
464793ebf964a5209c461fe3,-122.254814,37.869001,96.701713562
563793a7498e3254318fe624,-122.399957,37.785073,9.586716652
4b3c15fdf964a520958125e3,-122.387163,37.741839,4.832124233
5e5b1e2539aba10008591468,-121.892833,37.340302,24.188016891
56cb6c51cd1041feeed78868,-122.272071,37.871883,53.937427521
4beb4571b3352d7f395156d2,-122.279488,37.870998,38.853820801
4b6ba442f964a520e3132ce3,-122.265466,37.827109,22.904912949
45a163a4f964a520e2401fe3,-122.251502,37.843904,54.364559174
5d55c15a30df3400088061c9,-122.394238,37.780478,7.822838306
4b5c9c4ff964a520c03929e3,-122.261932,37.804406,5.424179077
4bc767fd8b7c9c747d6536cf,-122.473147,37.780415,51.929222107
4a5f41d5f964a52052bf1fe3,-122.266126,37.811182,7.575518608
5f9f4ed0a98ebc4c9c341833,-122.376771,37.740603,4.084362030
4d2793c892b82c0f44c85180,-122.257104,37.832736,34.683261871
5d0a985b972c0d0023090738,-122.404467,37.794693,10.857641220
581d2f64de98371fb9dbecc1,-122.418717,37.760445,13.029431343
4a1070c1f964a520c5761fe3,-122.393075,37.77534,3.567113161
4bdb54f32a3a0f47c282aeb6,-122.4932,37.781452,65.045570374
59f287f1b9ac386c15356d12,-122.26875,37.803175,12.181795120
44ff0c30f964a520a0381fe3,-122.421704,37.769757,13.019255638
45a578cdf964a52000411fe3,-122.412807,37.768378,6.566173553
429ba900f964a52082241fe3,-122.414349,37.802986,9.055522919
509a0e25e4b05e37709f570a,-121.86884,37.346861,27.820692062
4fbfddfbe4b014a2d61339cd,-121.900846,37.329558,27.387001038
5a5ae2e61987ec08f0b75431,-122.263426,37.834058,32.627182007
4b99bb4bf964a520de8e35e3,-121.900153,37.308664,36.495166779
4b07b72cf964a52096ff22e3,-121.881024,37.323021,32.405082703
4a71ba30f964a5206bd91fe3,-122.480007,37.763293,67.438415527
43a89f9df964a520752c1fe3,-122.480935,37.780045,42.851715088
43b439b6f964a520bc2c1fe3,-122.420936,37.751911,27.872808456
5e4327edf828b200082886ff,-122.405685,37.798324,27.025533676
4c6318e7fa7bc928cbc20f27,-122.211546,37.774255,12.563189507
5005c520e4b0a8ae9875b787,-122.423145,37.77837,21.809553146
61425e20de54531607965711,-122.433291,37.751195,58.508800507
5d8acba2029a4a000724a0cd,-122.268351,37.873371,62.130878448
528fd62711d29c24ebb52051,-122.274269,37.795605,4.911496162
5aa35350610f0442f5c167d9,-122.44241,37.799858,6.511059284
4a7e05aaf964a520abf01fe3,-122.479821,37.780588,43.883117676
5a273990a423620ac8bfe98d,-122.262959,37.835922,34.841701508
49ebf313f964a5204b671fe3,-122.479938,37.763331,67.526382446
4f409495e4b0f4e3fb3b7a6c,-122.27233,37.826658,17.210548401
5258a7db11d2c9469e715fd8,-122.418349,37.78576,33.519550323
5bd384991a29250025f0c160,-121.875127,37.343921,26.654479980
4c75bca23adda1435c5908af,-121.897628,37.314949,34.744136810
49fdf226f964a5204c6f1fe3,-122.481247,37.780478,43.057392120
4e3636521850ad8463dc3c3d,-121.885866,37.353236,22.129531860
4a921720f964a520cc1c20e3,-122.424183,37.797139,36.395622253
602ffebea99540111c804c2c,-122.413099,37.787892,42.793674469
55bfc62a498e267807cb865e,-122.266246,37.868011,60.583763123
58d1d4f40b7e9334921a33fd,-122.42146,37.75834,19.018947601
563ffd5dcd10e2a28de734c9,-122.458024,37.781577,64.251693726
5c70e3ca58002c002ca78750,-122.492911,37.781409,63.541309357
49c2a504f964a52011561fe3,-121.89466,37.349001,20.322561264
4b8186c0f964a52084ac30e3,-122.511006,37.774918,8.138046265
573e76dc498e03b8b9bb4e9f,-122.450446,37.731191,106.481307983
5834c1c18ae3637f9e056f92,-121.916017,37.365334,14.645361900
4acec143f964a520d2d120e3,-122.392937,37.781525,11.931756020
4b51489cf964a520bc4927e3,-122.251528,37.83812,45.066108704
4a3d51ecf964a52018a21fe3,-122.449597,37.765172,93.198852539
565b53bb38fae34679d5a247,-122.242677,37.811536,6.460930347
519fcb37498e91a13cb23d6b,-122.418247,37.776751,17.126003265
4c05a764191f20a11473e314,-122.402422,37.794065,5.411277294
58e016ed126ae87997c009b3,-122.391391,37.77109,3.192890406
57196cd7498e15fd218c5d3e,-122.26242,37.819105,16.913558960
4aeb3d87f964a52002c021e3,-122.444913,37.788888,74.201522827
4c3fa1d0b3ce76b0dfef3d9f,-122.45542,37.801669,14.370762825
4b09dcf8f964a520d61e23e3,-121.889749,37.330871,28.267326355
54865955498ee851715a66fd,-122.431435,37.765844,39.696521759
4ac109bef964a520869520e3,-122.268996,37.880801,77.658363342
46c742daf964a520184a1fe3,-122.252576,37.850095,63.886890411
5a9fb0cb8496ca37a723c93f,-121.874904,37.333072,28.239437103
4d3b439e81258cfac5b1af5f,-122.252602,37.85055,64.480850220
4a3d4be3f964a52015a21fe3,-122.435494,37.726682,48.125232697
61a7ad2af8c5e00778294359,-122.441993,37.777123,69.747909546
42717900f964a52076211fe3,-122.464634,37.783062,58.271476746
3fd66200f964a5205af11ee3,-122.402946,37.796867,7.522116661
437e6b00f964a520b72a1fe3,-122.422291,37.805663,19.895902634
4c139d40a1010f4733dc4a18,-122.426927,37.761124,18.114170074
631250f2cab1442e236e3690,-122.391182,37.78094,8.127894402
5f6f6e036e051e459860738e,-121.887112,37.331091,28.367708206
5b89f7f6a0215b002c7cfd73,-122.390425,37.736362,15.958342552
4db8bd730cb6ddfae4278300,-121.912227,37.332195,29.509996414
57094904cd1079e8d3b3dbbb,-122.453567,37.786166,75.964355469
3fd66200f964a52090ed1ee3,-122.405827,37.789787,21.577537537
4b82f077f964a5205aee30e3,-122.392958,37.729469,16.036235809
49cc360ef964a52053591fe3,-121.89677,37.350952,18.730718613
4a930b8ef964a520a11e20e3,-122.271958,37.817735,10.352822304
4bafe36af964a5201f293ce3,-122.286919,37.870372,24.707019806
521976ec11d2ae1cd332127b,-122.246443,37.813378,4.480132103
521fad7711d2ef5f512f4e73,-122.262178,37.836079,35.496360779
4aa9b3b7f964a520f55420e3,-122.387159,37.741774,4.683989048
4695204ef964a520dd481fe3,-122.422033,37.743789,29.827178955
40ff0380f964a520430b1fe3,-122.268919,37.880709,77.693946838
4af49f49f964a5206cf421e3,-122.290413,37.858809,15.166586876
43c12ef9f964a520392d1fe3,-122.458231,37.77542,69.854904175
50a40e56e4b08a3c653f18c5,-122.441241,37.782571,56.688217163
55ccec5e498e015b5c6a0eb2,-122.403721,37.788118,14.392299652
58a8fc412321c67cca7ee144,-122.431853,37.785021,41.977222443
5e4c79ab2688de0008aca301,-122.456489,37.781075,66.548851013
4aca37f5f964a520eac020e3,-122.446628,37.779152,89.208702087
515eeb86e4b009aa31d5af65,-122.45196,37.800138,14.741259575
49fe8348f964a520a76f1fe3,-122.426884,37.743418,39.463272095
562994a7498e06f68c0bd2c2,-122.292419,37.868651,15.973121643
3fd66200f964a5204eed1ee3,-122.422776,37.772125,17.059507370
61bc16c674259b278ca2a77b,-122.466322,37.782541,55.957405090
4a635294f964a520bfc41fe3,-122.427497,37.797408,31.685224533
506b9478e4b0fa7d3a466c6c,-122.404251,37.772789,5.051015854
49cebb1bf964a520785a1fe3,-122.270483,37.803372,12.918131828
4ac91f2ef964a520babe20e3,-122.455733,37.781623,65.917579651
52f934d711d2f1eaaa247732,-122.410932,37.770612,6.329255581
40bbc700f964a520b0001fe3,-122.412227,37.773127,10.319215775
4bd666835631c9b640eca530,-121.899932,37.324535,29.688640594
4bfeeca1369476b088128d1f,-122.273211,37.871732,51.117473602
4bdddce8ffdec92861bbe6a1,-122.254018,37.794086,8.547927856
5b958dd965211f002cdd93ab,-122.258807,37.868505,81.718582153
569706a6498ef01aa423a6b2,-122.393995,37.795851,2.966958046
50bec17be4b089ddbd7a523b,-122.259842,37.875253,99.147102356
52afcc5e498e0ad883a9f1bb,-122.26615,37.867593,60.342876434
4c6bfd746af58cfa3b778517,-122.389997,37.791256,3.391416788
4b6f51e6f964a5201beb2ce3,-122.271429,37.827216,18.481332779
53c9a089498eaf3f8a25da03,-122.212139,37.773328,11.060676575
4a3d4bd3f964a52014a21fe3,-122.26315,37.79853,8.789617538
4ef930e9775b54cdb5fd28bd,-122.478739,37.763652,68.036437988
49ed2ea4f964a520d0671fe3,-122.387491,37.787657,3.234213114
4a95e29af964a5203a2520e3,-122.254847,37.794776,9.087491989
4c8a72e23dc2a1cda907ad32,-122.417903,37.779424,19.494775772
57746b60498ea064178a9fe8,-122.422145,37.765084,14.713337898
52d055ce498e60ac37be881e,-122.254066,37.794932,9.735307693
3fd66200f964a520a8ed1ee3,-122.414976,37.763835,6.233636856
564e0e98498ee2cb338012bc,-122.412758,37.763906,7.474345207
5ddd8cbe49a8da0007143e5e,-122.252724,37.851423,64.986587524
4aab313cf964a520385920e3,-121.900566,37.308372,36.921585083
570fbb58498ef98443cf26fb,-122.391592,37.770846,3.216822386
4460d33cf964a52009331fe3,-122.433532,37.7698,48.650115967
4a0f2588f964a5202f761fe3,-122.267296,37.866299,55.075935364
4d9390454f78f04d277fe5b9,-122.291259,37.810238,6.323303699
50be8ac5f31c223ae77cdeb7,-122.403857,37.796503,5.485636234
49f00938f964a52029691fe3,-122.26864,37.809834,5.070948124
49e50d2df964a52087631fe3,-122.26718,37.836911,29.225448608
59ac497bfdb9a734ddbbb172,-121.883748,37.339109,25.060134888
4a3e9f70f964a52027a31fe3,-122.453058,37.78725,81.759086609
4b552f33f964a52005de27e3,-122.262774,37.804082,9.561540604
4b1ee998f964a5207b2124e3,-122.40999,37.775284,7.864993572
52509016498efba365a2f4de,-122.422289,37.777226,20.088365555
4b5b53cef964a520e3f428e3,-122.479668,37.763614,67.659515381
454f45eef964a520d43c1fe3,-122.42686,37.743028,40.149005890
4b1c8c7ef964a520600824e3,-122.500387,37.762671,30.170442581
4d84f4905e70224b791f1809,-122.273206,37.834367,23.324907303
4c99074d05a1b1f781999253,-121.901161,37.332752,26.454830170
4b01caccf964a520754522e3,-122.402945,37.78955,11.771421432
5cc327db8c812a002c2983d7,-122.269905,37.880373,73.589408875
55762589498e5d30657a5912,-122.268834,37.880487,77.798263550
4a1a4e57f964a520937a1fe3,-122.257369,37.827358,27.578859329
4bf17ba524f19c748d66f983,-122.40137,37.801756,2.460018158
5bce8a45f1fdaf0039de5099,-121.892456,37.353293,20.122081757
4b54e530f964a520edd127e3,-122.264445,37.80693,5.757390976
49fe6217f964a5209d6f1fe3,-122.252303,37.851585,66.152503967
4a7501d4f964a52042e01fe3,-122.477826,37.754347,105.373054504
62d357c339fe1a785564a977,-122.456473,37.802502,13.266445160
50e8aae7e4b074c1b95e4330,-122.484806,37.753679,94.619438171
4b1ab2dbf964a520acef23e3,-122.257104,37.832736,34.683261871
514e09d7e4b05bcb24168d4e,-121.894915,37.336413,26.080638885
4a972c5ff964a520ce2820e3,-122.264728,37.826773,23.315635681
4ace3dd5f964a52056cf20e3,-122.408118,37.788534,26.276988983
4b033317f964a520704d22e3,-122.44698,37.798365,17.609231949
4bef655ec80dc928daf027e3,-122.281018,37.835412,13.605204582
538fcfd111d23f0c4f56c6bf,-122.393409,37.795634,1.606330395
5c2953059be522002c154ac6,-122.475528,37.763867,72.715599060
4e31c4302fb6ede816e37522,-122.267249,37.858007,44.779640198
4ba590c6f964a520c61239e3,-122.224685,37.775627,11.848449707
4ee965055c5c0575fa5a3fe7,-122.401182,37.790044,8.669013977
4f3210ba19833175d60d105e,-122.393254,37.722321,7.370798111
4a789bbbf964a52004e61fe3,-122.432403,37.764038,39.892368317
40bbc700f964a520b1001fe3,-122.407486,37.78795,23.891639709
4af09c87f964a520a1dd21e3,-122.405648,37.780686,6.808327675
4ed0b354d3e3521ce600f5b0,-121.883405,37.3434,23.108705521
4b4b8840f964a5205f9f26e3,-122.291643,37.846599,6.921015739
4feddd79d86cd6f22dc171a9,-122.43787,37.776491,60.510528564
4e52afd862e1f6d84aabcb26,-121.891135,37.347348,21.545444489
556cce76498e5e64f11e6971,-122.411248,37.760166,8.658961296
52df0e4011d219aa8d0d0e11,-122.268311,37.809253,6.150417328
4c8b16ec52a98cfad73533e9,-122.269335,37.802118,13.016267776
4a37f0d0f964a520959e1fe3,-122.439884,37.716149,61.775039673
4c95253c58d4b60cde9d2f29,-122.41198,37.7738,10.949503899
4c6962892c29d13a46070b41,-121.892059,37.352566,19.832143784
4eff8c0f02d580f8efaac72d,-122.376771,37.740603,4.084362030
49dd6fddf964a5200f601fe3,-121.884678,37.332413,27.221483231
4ad8deacf964a520811521e3,-122.425251,37.776412,22.505681992
50774acae4b0f934e7c2aadd,-121.868064,37.34708,27.831951141
60e4ca1f3010e2004f4cabd0,-122.407927,37.782864,10.632134438
4f711e81e4b0fb1e70a3d700,-122.422083,37.764043,15.139299393
5031311ce4b06d3d08eaf288,-122.411309,37.801291,20.332059860
4bf029eb51f2c9b6bf45f192,-122.286132,37.812159,6.551162243
4ce74d7d0f196dcb1cb13dae,-122.402804,37.79446,5.221056461
4b57e047f964a520c14428e3,-121.876471,37.336933,27.141185760
46aa8a59f964a5205f491fe3,-122.252602,37.85055,64.480850220
4f9f4ff9e4b08ae3f6aa4473,-121.888416,37.343373,22.744953156
4a791992f964a520efe61fe3,-122.40769,37.788567,25.298404694
4a60efecf964a52081c11fe3,-122.262608,37.839803,37.686954498
4abc29c3f964a520a08620e3,-122.278956,37.796004,3.491201162
4cb250c9ef1b3704f9614a00,-122.463579,37.75812,110.464164734
4a844f01f964a5203bfc1fe3,-122.39343,37.77528,3.467883825
5aef8bae4c954c002c76183f,-122.501624,37.757022,28.702587128
4b5a5488f964a520bcbd28e3,-122.268548,37.880508,80.401565552
4c79de3e794e224b782a6728,-122.264556,37.862357,54.952880859
4a41b07ff964a5208aa51fe3,-122.408059,37.782658,11.126059532
4bb765e62f70c9b6aa988630,-122.457841,37.771269,74.612869263
4ca2bf0f1ee76dcb6395f3dd,-122.426384,37.757997,39.650695801
4a22c9cbf964a520897d1fe3,-122.425768,37.776666,23.190568924
4d4ff75971548cfa9d980a9a,-122.265098,37.861794,52.445331573
5733645e498ee70c13a8e32c,-122.416453,37.763362,6.458912849
5503632a498ed86c104ab0ef,-122.45897,37.768569,75.525817871
5022beaae4b064b0941aa571,-122.29138,37.847011,7.129522800
4d6682ab7a6fa143585a7398,-122.264992,37.796498,8.266541481
413f9d00f964a520631c1fe3,-122.397982,37.764935,7.804589748
4cb4e51b589f236a2c572c3d,-121.876696,37.342464,25.116373062
463cff1df964a5203b461fe3,-122.251857,37.843845,54.114654541
4aea176df964a52047b921e3,-122.44143,37.777297,70.834548950
5df7e3139bfbe60008cc52e6,-122.41527,37.804026,8.138768196
4e6750db152001e1f7122a11,-121.894348,37.336519,25.739713669
4b8091dcf964a520a17d30e3,-122.387233,37.741801,4.672124386
5b944f19598e64002cd971da,-122.404961,37.77146,4.089008808
537bb0eb498e2777ca31795d,-122.400993,37.789274,9.368221283
43c2bb5ef964a520492d1fe3,-122.251479,37.843514,54.296810150
4bb04a73f964a520e23f3ce3,-122.269515,37.879848,74.683387756
594eef7ead17890c427f3cf3,-122.423557,37.80594,11.659715652
4a87356df964a5203e0320e3,-122.497954,37.775892,56.232120514
4bc2329b920eb71334d71b2c,-122.258415,37.86295,69.232460022
49e75664f964a5208b641fe3,-121.896749,37.350559,18.711528778
59bb27f1f8cbd422291b5dd4,-122.391614,37.773654,3.566689253
3fd66200f964a520efec1ee3,-122.492845,37.781512,62.946952820
521cf6af11d21968a3ce3498,-122.393845,37.795732,2.901345015
57871bc8498e62cfb4d6aaeb,-122.411239,37.801329,19.963907242
49f67c43f964a520486c1fe3,-122.399452,37.79354,3.965413332
569d3be5498eb5f352825fd1,-122.49886,37.775463,54.848754883
4e458dfa483b03d090d4220e,-122.266694,37.806107,10.218145370
5f7388a298df6d72aa4ee5f8,-122.421322,37.79481,55.685493469
49b3268cf964a520e1521fe3,-122.463357,37.764018,87.380920410
60a7f3f75816a41edec3c6b7,-122.403987,37.797506,15.410140038
4a3c0ef8f964a5200fa11fe3,-122.451386,37.731348,111.037429810
4a761393f964a5201ce21fe3,-122.253243,37.825512,30.230922699
53efd4be498e8443c77e660d,-122.418717,37.760445,13.029431343
45576dc5f964a520383d1fe3,-122.39339,37.795309,3.305454254
619181e8dd36f146b5d7d87f,-122.393336,37.795607,1.530899644
4beb0844415e20a1ffcbe5bb,-121.910004,37.316171,37.036815643
4ba3d5adf964a520ac6438e3,-121.899894,37.331825,26.513105392
609c52f3340bed636e3c6f32,-122.290816,37.847184,7.928395748
42fd3800f964a520f0261fe3,-122.452915,37.787261,81.995956421
5b0a161d6eda02002cc5edea,-122.421105,37.7584,18.790115356
53221a72498e79092136b979,-122.398052,37.792896,3.802710295
4b36aa2ff964a5203e3a25e3,-122.475721,37.763493,71.263130188
515d42fbe4b05bd7619bb7d3,-121.910056,37.337076,25.093770981
5b0eb7a912f0a9002c0f22d6,-122.262482,37.818937,16.925180435
55e756ad498ef95fd0bf6451,-122.40289,37.780113,4.131273746
5b562028c0af57002ca42090,-122.391465,37.771117,3.212890387
4a5bed61f964a52002bc1fe3,-122.471179,37.764234,75.930053711
4a29ac70f964a520bd951fe3,-122.258704,37.865476,73.012283325
5dd96503e9bb2e00089d559c,-122.267597,37.834201,28.869028091
54aa5a96498e0326ab850c28,-122.39991,37.78671,7.996357441
5286c60a11d2e1060ee04c81,-122.402678,37.78137,5.747694492
58267ba3f5d5992d623be9a4,-122.293845,37.84124,3.928395510
5af1201a029a55002cb9dcb5,-122.421582,37.764049,14.156995773
4dc5d04f45dd2645527b5a28,-121.868558,37.346947,27.867103577
4ab5810af964a520087520e3,-122.433503,37.797144,26.048452377
595bc43b95da0c5ce077b0a2,-122.262195,37.840095,38.016780853
4ee076029a52e7f5b8dd9a7c,-121.895583,37.356845,18.698028564
4db864d7432dfca99755e9f0,-122.261863,37.844302,41.322593689
62b7d1c11a4b6869f172cc5c,-122.259925,37.856761,60.357875824
593efc3b1ffe976d0fa82760,-122.431026,37.762575,29.541423798
46349e90f964a5200d461fe3,-122.251923,37.843742,53.891284943
549a04ce498e198131a70d0f,-122.390001,37.790112,4.786796093
56b94e81498e91a7b11acd98,-122.294526,37.804699,4.131799698
5af894323abcaf002c062b81,-122.430478,37.766636,36.370311737
4cb0b48caef16dcb6451b354,-122.287611,37.869928,22.736865997
514d3dc0e4b0fff0294f33f3,-121.882296,37.318696,31.587942123
5bbd60ca4aa3f800386da4e2,-122.287611,37.869928,22.736865997
593475aa4c954c63db8a1c37,-122.391465,37.771117,3.212890387
5ad80f2fcbcdee2fdeb3ed46,-122.47431,37.763862,76.722946167
4b5b96ccf964a520360929e3,-122.225776,37.77839,14.796139717
56c288a1cd106d58c5bf9495,-122.391741,37.773383,3.569326639
4b04bb5ef964a520675622e3,-122.483218,37.763079,64.282142639
5361a6df498e3315c00c49ad,-122.223886,37.775458,11.758234024
4a0b640ff964a520f1741fe3,-122.42725,37.796871,35.801551819
4b141227f964a520ca9c23e3,-122.282628,37.808633,8.263971329
510eff54e4b0873bce7f1da7,-121.882296,37.318696,31.587942123
4b54afd9f964a52016c727e3,-122.418766,37.751554,23.033519745
4bda5da763c5c9b69fec2368,-122.27996,37.870472,38.169033051
50f0c179e4b00d7fe514e81d,-122.408229,37.781894,11.362037659
4e2b628d8877b69d49e04cdd,-122.398998,37.771229,3.220846891
4f62a163e4b08b476db9854e,-122.437577,37.775175,59.172695160
60be322754051f606f264692,-122.394106,37.79042,3.633135557
4adb7a68f964a520ee2721e3,-122.463564,37.75786,110.807563782
4a73885af964a520b7dc1fe3,-122.260089,37.875789,100.185775757
534ebab7498e75f9f5421797,-121.874988,37.343997,26.708427429
59963f33bfc6d00305d7abac,-121.89192,37.352642,19.753625870
4cd88bd37d454688bd37eced,-121.901763,37.350597,19.150714874
5148960ee4b0905172eb88de,-122.436389,37.759889,43.837928772
530da6de498e7bcca2df0090,-122.257423,37.82706,27.331596375
4710bf01f964a520984b1fe3,-122.421532,37.763203,14.445285797
40f9bd80f964a520ce0a1fe3,-122.420789,37.755484,24.695264816
57199658498ed52e0c00c734,-122.421452,37.757001,23.050806046
63327726b0a744036eab3e26,-122.40507,37.790335,20.495292664
3fd66200f964a520edec1ee3,-122.492782,37.781521,62.566951752
54976d5c498eccc96c62bc55,-122.422125,37.769594,14.003591537
4aaa74acf964a520055620e3,-122.451602,37.731364,111.661796570
4aa45625f964a5207b4620e3,-122.407478,37.788616,25.311283112
5d4e34d7816c150008fdd515,-122.246773,37.812863,4.149942398
50baba7fe4b0cdd4bc1cf0ba,-122.431662,37.764846,38.654048920
43d820b6f964a520612e1fe3,-122.422062,37.773389,17.290138245
42c5d900f964a520d5251fe3,-122.426389,37.776259,24.146568298
523e5a3311d281eaf7911cb0,-122.26878,37.859655,43.814178467
4b035d3ef964a520f14e22e3,-122.260107,37.849954,50.523338318
5cfaca87a2c00b002bd3242e,-122.425749,37.776341,23.561531067
4ec6e4b48b81dcfdc2c30205,-122.510671,37.770534,8.396196365
443fddaff964a52039321fe3,-122.46771,37.763716,79.456085205
4e6f90987d8bbeefd9ec3602,-122.263119,37.801344,8.373226166
62a3fdcd95a4341d4080dc88,-122.274195,37.800544,11.195943832
