station_id,longitude,latitude,elevation
d0e8f4f1834b7b33a3faf8882f567ab8,-122.270582,37.849735,32.928356171
983514094dd808b1604da2dcfc2d09af,-121.88927650451659,37.33618830029063,25.925880432
da17603652106fda93da4e255a5b0a22,-121.88109040260315,37.322124625448566,31.710926056
7a21c92b3b4cd2f7759107b4fdebf869,-121.8741186,37.3236779,30.782371521
ce34d38fb230a23c1ced12d1e16df294,-121.87712,37.3259984,30.175741196
a3b487ad4ac93ab3e9f9654f87ed8c1e,-121.8879312,37.3229796,29.361589432
b4b0088fb4fbb4587cad9d89ddc092cd,-121.884559,37.327581,29.094491959
d576652cc151c23d6ec52b8454429d47,-121.8759263,37.3327938,27.797445297
0a24b6ab9ca6684780b6682901b3c680,-121.8969655,37.3448821,23.350780487
a4b234ab072402cbfcbd5e306588d9a9,-121.9031829,37.3413348,22.586671829
c7d58812e5bcf9183e20ec387d0386a9,-122.26449608802795,37.80781318217903,3.244290590
ade8fb7d8bab829cc6b2b752c02882ff,-122.2432677,37.8110807,4.777815819
3a9baba8738c921ad820add914d8d365,-122.25646018981932,37.80889393398715,7.227582932
8870d1c76fa018d1758fad83f2be5237,-122.2739367,37.8305452,18.587648392
a840a66dcf537eb53ff86c7ed469f491,-122.2709501,37.8302232,21.624658585
315bd655b7cf06f4cf2e3c78879043e4,-122.2472152,37.8127441,4.015994072
c58c5e00d5caeb09fab3509a349ac2ce,-122.28312671184538,37.85578332030199,20.074607849
55389695e3090fea977edbe85a0b7dfc,-122.26356536149979,37.855573661828785,51.243385315
81cc789c1070340c1930450769536ea2,-122.2675583,37.8575672,44.004207611
155125eff6270d14ae62b26c85f15ce3,-121.8888891,37.3429973,22.610900879
2bef6d41ec5018bb81726f3e1f59d344,-121.9125165,37.3322326,29.561586380
98374aab7a1553d232630758717d87a7,-121.9048882,37.3319323,26.778314590
ead93e0002db0611076fb2d63f76ce05,-121.8841054,37.3391456,24.725326538
3b360d106be2aeada021d0498be74fd5,-121.87627851963045,37.32086614588923,32.398689270
62e21ee5590d59c9e7d740bf16a06bd3,-122.4264968,37.7630152,22.705457687
2b14980ea8a5986da568e3711ef9cf95,-122.39083349704742,37.76704457969368,4.385452747
147b91431e228c6275b040c2cd4d05aa,-122.39887,37.78383,8.225143433
2e148870409210e664005a58263b186a,-121.90457582473755,37.32911866814779,28.902587891
3cfc266f34c8daf3fa59119deca078ea,-122.45112150907515,37.7316566899845,111.114974976
b1385ff2e23b82e61c668a9fc8275142,-122.26643800735472,37.80000163118878,11.589153290
0dea2fc1c8cc19369db493d2278fbbbc,-122.26658821105957,37.80696976095594,8.205194473
28754859653e0a656ba53e1fa0ea21db,-122.403234,37.80477,3.320708513
eb9c95aaf839b9c7e8b18e68288862a3,-122.39843755960464,37.771762110313176,2.829101801
d057730bd39a7e2c920ff32d19393eb6,-122.402717,37.771058,3.649674177
bafbf8c2ef10271c489e9ab99dc9bd21,-122.39302754402159,37.772300631747626,3.416485786
2c505c45b2e849f1523a243b73a34daf,-122.4310597,37.7662185,38.665119171
840924c8e286486604f62ef9c02ef185,-122.2730677,37.8717192,51.242286682
9aabe0cff5a5e7c6b014dd2c163f1ebc,-122.2254,37.778058,14.328046799
6990760eb8be3fa93313672d7be369e6,-122.2893702,37.8072393,6.800687313
55f0ed0965a5a80f451700832338cd49,-122.2244982,37.7752321,10.925049782
726e22d3f8e5b2f3b21230c49aa676c8,-122.28328227996825,37.80874983465997,7.090245724
bd6bf51c4defa1eba0c9bdbc8478b3ce,-122.2760402,37.8061628,11.290197372
c0c37f106fa8f27da58b777b7681f9a8,-122.4214722,37.7440667,30.256340027
446009f5d7c3932df1a0215e04df9891,-122.4114029,37.7472996,15.342240334
caee8a5f24d36ec088093ba35c67492d,-122.4268059,37.7436839,39.370697021
bafd382d63b84005dec3dcfc5a326e98,-122.42214024066925,37.745738796183325,29.613550186
d63f2433c8e67e0db4df7a87e5fb38e3,-122.4249863,37.7478584,39.179183960
5a3ef6c03f1ce19c588c078270170a18,-122.2876102,37.8297046,4.968492508
7e709245031d51963a79004362950401,-122.2856333,37.8312752,6.948808193
ad0fd1e1100453a35d7ce5e5d95e4779,-122.4209752,37.7552126,25.044839859
d54612ee1577923ef1aef60393aa07c7,-122.4266139,37.7518194,54.319660187
689893116ddb1b8dfab61c092330b00a,-122.4206278,37.7524278,26.842788696
96bae776dd2cf75e6ed06895761636af,-122.4274114,37.7509004,49.264385223
22e24861b62c61aa3c99d47cd90095ce,-122.39438,37.78729,12.758983612
a536696bbab818af37342ac705d5b467,-122.399051,37.7913,4.752612114
cbe0501b53945e1a590ff4484798e0e6,-122.43944585323335,37.782404601934104,49.300006866
6d5e221de84a938a2a813425ddddcf2d,-121.89783275127412,37.31515792998312,34.572692871
679621279b937eda9558ca1ae02f748e,-121.91000461578369,37.316736478493425,36.252052307
10880ce63c335b9192ecf58992798f23,-121.90597593784332,37.32345133870681,31.722454071
f15f772b3686c852122d5d2737bb88a8,-121.89593575894831,37.356834352780886,18.353015900
aef71869dbbdf150a0e6807bc3512730,-121.9168147444725,37.36522655191025,14.132165909
a73276ab34067c112ab469c5107e1d2c,-122.2987177222967,37.83954308266563,5.756973743
ccfc6870981cdd44b5a41bdee14e2a40,-122.41327822208405,37.7873267660624,38.911338806
35ecc8b9ed527420e102f4f1254583b2,-122.40521550178528,37.75179164525661,14.606024742
e1217bf29c178d096c6e92ea8dc36453,-122.26240932941435,37.804036784023594,8.631191254
8924b980effba05ac4610a4abd37839e,-121.9117319583893,37.364060462258806,14.443988800
718cefa9c37e218744ea0cc193a3129a,-122.4117258,37.7700298,5.988925457
9beee70db0437cf4bd24078239213bb6,-121.90931528806688,37.36186680025918,15.389944077
ed898b7f32d290732a31b0b519c1f7e3,-121.9187942147255,37.36767805240811,13.010043144
219cc838b24b5ceb39af7bcd6e6c5e13,-121.90683424472809,37.360854155253826,15.772227287
4bbdbdf6abbdbb73cedafe47831eafd1,-122.4168576300144,37.796470691622936,73.806495667
0891ec75daf2bf9e823f4a02e21fa9fd,-122.268422,37.870139,56.743801117
193169dbc243a90e9c68e9bd94763748,-122.26848721504211,37.87367621459825,62.653877258
f00345a08621722a4e680cf784706a3c,-122.2658964,37.8677892,60.874683380
2367c9313860a8dbae94ac5045768995,-122.270556,37.8690599,52.161533356
6230d81b26fbf3b08d04f63a436c69f9,-122.2702132,37.8524766,32.351547241
65097799f269d187692b073a83c0d4d3,-122.2588044,37.8660431,73.874038696
47e30e549ebbe3b8fad38f2df2f1ad59,-122.2543374,37.8693603,98.250602722
1b0c18aa2600cb61c4dc8594a02f4417,-122.2619284,37.8193814,16.939380646
1ad3234f9bd6b3e93ef20656d9111087,-122.2651002,37.8262863,22.093198776
efbe528107bed4defe202f50c2d6f2c0,-122.2644881,37.8403643,33.956993103
ab6763b2d94b0eb690addb48b9cf3827,-122.2515349,37.8417999,51.371925354
1e03b246c6716378bd815f00c7a635da,-122.251900434494,37.84427875399067,54.300807953
1736d145e5ef5447a53cc9f100701ccc,-122.261351,37.8444927,41.828716278
edd2cf03bfbe6ade0bd14f40ae4b5ece,-122.2699271,37.8087021,7.761531830
df3ca6be81e340c4899ec6ae8c4429e4,-122.2651925,37.8113768,8.248911858
b9afbe24f97e40d2168eed1c8184c07d,-122.2626418,37.8013189,7.678102493
76b57950b5f2a4b0a4821e64bb700e24,-122.267738,37.8426295,30.489622116
f848023d531b827a8e7c8c87173b6a4d,-122.2717561,37.8396488,24.572834015
b735b2cab35ea7bdaff9b2ce7413984f,-122.398436,37.79728,3.209756613
f64d35757bf16e8af5a408a9c72af91e,-122.397086,37.792251,3.658150196
6c229502dbd727e48d9b7970dabbd21f,-122.403452,37.788975,15.323488235
0794b05a99e808986301411273356796,-122.26017236709595,37.85022187449679,50.556808472
e5a34fd23cbefa6b718d20509d1d8bdc,-121.8817663192749,37.33203868095132,28.152231216
c84aa30b9e135787bd06304d3b4caf88,-122.40853071212767,37.788299978150825,26.018554688
36aa8ab83177d5f5beb83685c7f645d3,-122.2748943,37.8007544,11.055051804
f83da983e1b1de735ef62006310c76ba,-122.2618225,37.8401858,38.304843903
ef3a4e5c05845ca17d2c2db654a2a5fa,-122.2516207,37.8357883,51.307945251
eea0a9aed0f267d94aa702cd52458754,-122.2512714,37.8381269,45.219676971
7e64ecd17d4a2708631d979da3ac4443,-121.88385039567946,37.33279952386071,26.794397354
a3e415a5d4437c5b8ed58f5620a2acb1,-122.4160402,37.7735069,11.381026268
25ccddba147690ec254ca9e68d3c559d,-122.42123901844025,37.7737932060887,16.724819183
c7bb5e8c49bf8b8165f0d7f09d620df3,-122.4337079,37.7717933,46.063392639
e941de3073caf24cb07ee3425c80e479,-122.4390777,37.7730627,62.317935944
e8ac145be6193651c7de9caf2bece382,-122.398525,37.799953,3.193687916
d777960e181c3911183b59171cded0a8,-122.4264353,37.7614205,15.810746193
1a07a9e1057626b3844050832a2581bf,-122.4213392,37.7592103,17.557167053
d77de46766fff22f98cbfff8959742da,-122.4148171,37.7605936,8.222746849
1a8541216cf020de1dcf4f90c8fd0919,-122.3906477,37.7616343,13.508312225
e8061d928a602d4e74975b184f61df6d,-122.421025,37.7567083,22.079355240
e28f658f5100e41a80d7896d356bc7f6,-121.9030898809433,37.321181834267314,31.642847061
b063f8d6a24fea4eb06aac2817efc46b,-121.91232740879057,37.32601084794081,32.771995544
4ceb165eadff654c51cd12c1fc44b422,-122.4238085746765,37.774017937683546,21.319587708
113b9406090fbc8b512ee504634da501,-122.43414044380188,37.7328128005294,58.566715240
20506dc0614eddbe19dd917155bae3b7,-121.87438488006593,37.34398467798214,27.867866516
e4484b938889737f1687d11b6ff02341,-121.888979,37.330698,27.858951569
3933d9199c099118951ac7cf72031c13,-121.8932,37.331415,25.960813522
0cc1f03c89a4048d7b2df21d498bde14,-121.901782,37.329732,28.068628311
cad9a547732685a295e62323fd9aa378,-121.886943,37.333798,26.337366104
7bb8d66fe7b1db88c66142fe3da816c3,-121.88566,37.335885,25.017555237
3e4a340888aa808d7bbae5d2372c06dc,-121.877349,37.333955,27.272899628
16b5b91495e0c631f87a21bdc3b2d41f,-122.272968,37.834174,23.019002914
48ae1a8e476b68de634e7f103c359b56,-121.894902,37.333988,25.452131271
b347e314d1a3b9d27875b46ce3fd7f70,-122.3899698,37.7719996,3.019957066
5b3c9868ef64e09442b06df5ce4ef24d,-122.43194639682768,37.78045005996349,33.691139221
d94a66f24de908a615ce0a46f27a682b,-122.3982846736908,37.78749210438603,7.138350487
448833b358f62bf1d1206c813f792669,-122.44729131460188,37.779046658472055,89.096763611
515b2fdc0cfb6110776790b85400f062,-122.4260938167572,37.75823842417928,37.005886078
03cc61af40764524160f132da0f3f681,-122.2781754,37.8505777,22.815870285
0a40fbe91996a7ac0b46d34871aa896b,-122.42552250623703,37.73981271734901,61.036998749
ff965c7f0bb892bf7053a78b4df24275,-121.88604980707169,37.35288682729121,21.663677216
49bb4994b8e1aacd936090458544f74d,-121.89193725585936,37.35306166133104,19.562501907
1d2910bd99e3e2abbe63546c231cfab8,-122.4094493687153,37.77452040113685,7.767241955
36460a8c801bc83206f3810f859f9573,-122.4113061,37.7765126,9.341849327
d436129450e3a2223972a9b3f7134f73,-122.2664467,37.8723555,62.087692261
1596efd5fa00679aefd3b5d3d1b2ef26,-122.2993708,37.866249,6.036829948
0d5e25e4358800e347be5dd9808fabb5,-122.2674431,37.8658466,54.559501648
4a2e731c87e9a1e07ad0f5c8a91efd4b,-122.25379943847655,37.86641794050319,92.959060669
9cc649af249977ff781d4b755abd4388,-122.27972030639648,37.87055532905745,37.768032074
569d5c153e5380ea2f286b48217ec566,-122.29967594146727,37.870407115465376,5.735511780
af8c8625437ce60d8d247d158945ebd8,-122.26959228515624,37.88022244590679,75.150146484
8be5197057004601e172a2eb9bbe1f11,-122.26952791213989,37.876572549106854,69.332824707
02f7cffdcfad5a5d9863c1b70a7eb17c,-122.26556897163393,37.849594967776646,39.594684601
ebbfe1c4b86ffc03d3be17ba20a6ec99,-122.2653043,37.8465156,37.070049286
6ad0aba1d60a8bba74e69b3c7278acb8,-122.27484405040741,37.814988230424156,7.257241726
4deef404025cb87bec9c395b953cdfd9,-122.2525233,37.8513755,65.124000549
c2648d0ffed4d1f710ccaf79e9a304fa,-122.2720799,37.8005161,12.274267197
8302e5d11a6c84bac27a774de41474f9,-122.2653199,37.7973195,9.826106071
43944ce65c342e60c0ccf1c9f5ec51f6,-122.40086898207666,37.79857210846256,6.868488789
60031404d0e98d8de9b6531836dc0888,-121.89284384250641,37.34113203547954,24.080944061
a7d703c1d843d22ee42adb5e6db291da,-122.38879501819609,37.755367132158526,5.988184452
5ea5e58b4dc5550721049acb54220651,-122.40659952163695,37.72694296622841,26.709417343
c2e3051962238764d5e968e6f4544485,-122.29339957237242,37.86906047545393,13.524502754
33424dfd71dd02911d83b5b683e55791,-122.40578681230545,37.771431362921085,3.992149353
3367402e41d84a3c70c5056e5312bb24,-122.39289611577988,37.729278651730276,15.486762047
c8131aed6f3df2f78149eb338df66e66,-122.2756976,37.8178269,8.438581467
8ecedfe82a3e35413e8a45da10ace67b,-122.2567156,37.8277573,27.630176544
891294b26b673dc172e2dc00d96ccf2e,-121.9020161,37.3509643,18.913591385
7c2a6fcca214cf03806ad50164de0f0e,-121.8807965,37.3383952,25.612653732
a4d58de82f6475801e4bf6cf97ecd387,-121.88321471214294,37.3371223728942,25.375082016
086b31d113c141a26d19612139ad8956,-122.43115782737732,37.78352083526095,39.209857941
fcbb52bd7f4fcf0f57a7cc47078c7ff4,-122.40087568759917,37.78487208436062,9.663243294
03ec647221434cdad0abf4907706e949,-121.8892731,37.32673,27.958274841
55287fdab6af4d37f97e17770b823bbe,-122.28653311729431,37.869966707604036,24.779651642
54346a82070e38f3cb2246ef4bc0062f,-122.2535687,37.8618037,83.910049438
0eddf1befddc9f3a1264cc05bf1a5e6a,-122.2647911,37.8624644,55.174079895
e69e4dce53bdbe1ffe17185ee72fdcae,-122.2912095,37.8588682,14.126858711
e526d675e9f591823eb822bebb0630b0,-122.258801,37.8623199,67.401489258
780cbaed92260f59e763de62b4cebe1f,-122.417385,37.776619,17.021356583
23c911eba61c38bd79e4df21cf9a8bc6,-122.4295585,37.7770527,33.670131683
4e8692f7a9eae9f0575945f02a87ccce,-122.43327409029006,37.77754677017323,49.248371124
98c24c05dd22720e562f0c3590fabfa4,-122.4530929327011,37.77610091264586,103.024467468
76f3d32a941219346e34c87820139711,-122.390288,37.780526,6.126638889
074ef2e71ff08fd484f93827ed83dafd,-122.4377775,37.775946,60.557266235
45d4ba912fdbaf0e9d69cf9a1bde9a76,-122.4418376,37.7774157,70.602188110
8846b5e327d73c5c91f52afb03bee796,-122.4025701,37.7644783,9.967208862
ca3529cb0093cf568576c95492de5a68,-122.4326417,37.7610471,28.911300659
59f57a632668a24ab18d8bc9ff703af2,-121.87877833843231,37.3600013909666,25.958024979
be206c6cb9c61276d1e3b9ad2a0b8060,-121.87009871006012,37.32031582108647,31.524662018
8521a7fa5b015f5cf91a490ca08e72d6,-121.90914899110793,37.33677476275722,24.874608994
25b03a236b79e665a5ed9d316388b9cd,-121.89632534980774,37.31128394611736,34.378204346
e14686289c6158d279b29ef56cae6582,-122.43412166833876,37.799207926286,13.412083626
a39949a03aa488410e33371365084987,-121.90829604864119,37.32096853145443,33.526546478
604d2b0f495cd7363effb81982012f93,-121.91349685192107,37.3233446905968,34.561374664
8a8fb99412d0a44f24a97f4862e1b9d4,-121.8940901,37.336802,25.340612411
53caaaa3c38e8f655c479672973ef040,-121.886995,37.337391,24.758890152
9e5ac45cfc500231c17fbc5a3709ff44,-121.884995,37.3172979,33.223758698
3eae0d76df97ee93ae21a685af42538a,-121.8831724,37.3184498,31.682937622
32fec07f466d23ac5fa8be2e05d17312,-121.905733,37.352601,18.854543686
a431cdd7c44ec9b167bee9612b5e9482,-121.89479783177376,37.3487586867448,20.409118652
b5f7d134eef76458bdad1624fc3f0a3b,-121.895617,37.342725,24.125303268
318839be2a66c41af52177023d7545cd,-121.889937,37.339301,24.172229767
c978d0b507607e5cee77e5fc2e6caa7b,-121.900084,37.332692,26.187822342
c65a5430e457385743757320e3fa705b,-122.2177284,37.77993,17.710042953
aca2db0bb7fe57847fca972c91a02f72,-122.2226033,37.7837569,23.182992935
f7b24d5a88d4a5280b0a123465ceeb9a,-122.2343822,37.7851915,9.754234314
cb93a5239ea60f98f07d56d80346589c,-122.2734217,37.8113514,7.606796265
7c15582391754cff6e2573d81f228933,-121.90443634986876,37.355029582252904,17.946870804
35f5a7921e0006fdde8b661781c777f6,-122.39044725894927,37.7504343570623,4.134125233
b91103a4e638130a1de6c5eea75a0854,-122.2782669,37.8312769,14.699620247
18ecb3d50f2e42cbeaa54e2700fa3093,-122.2913604,37.8409452,5.453859329
f72a227c01e328e88de3e27e883b5a42,-122.29352831840515,37.84052116694969,3.151343346
ff03a6199ba2f74b66752643531826ec,-122.2880451,37.8419238,7.981546879
cbdeb72b794ae1050a177368bee1364e,-122.2913761,37.8467842,7.060002804
5d6e0c578a1ddd55e642440bed2c6cce,-122.2886647,37.8384435,6.638700962
0e4da93fd7f3f40a487bcc523ea1e382,-122.39743709564209,37.77523486860597,2.825433731
8aad0378e649dd2464b05c03175ee38c,-122.3949894,37.7807601,6.419778347
b7c325ae70049e4e6f5a3564ec2697fe,-122.4537048,37.7719511,76.918907166
eff2443c5e75c2a2c3a3ab87188227dd,-122.40731298923492,37.78227952975499,10.052042961
bc2abce263a2f83bb06458da69bf02ab,-121.89055323600769,37.3477119817597,21.023576736
147f785aa4926a3cabe56c607d6f6e7c,-122.3969730734825,37.77793367006746,3.505275488
d52c0adcc197c7899d056dfd1caace76,-122.3945855,37.7963894,2.813659668
28c7a7022b746c9a0f84784300c04904,-122.25622415542603,37.8332935222321,35.546443939
0ad27fbfea7dbf64cba3f6afc153a3f6,-122.27179706096648,37.82669558640968,17.410518646
d05740e23c0ff3996e6f82112e4bbf64,-122.2717615,37.8170154,9.486090660
77b16a1c03301769253ef32bb442b56e,-122.38653659820555,37.72939320661727,16.200714111
3962b15d560bc3563bcdd0e638d9f0f2,-122.3767840862274,37.740321776391326,4.063325882
42d52309deeefe16d09e98539d8d72a1,-122.38792061805725,37.78292608704408,3.450000048
967a7d65b042ed46b27f0f43ffa5af28,-122.45880603790283,37.78146761537824,62.792556763
cf78144e1fe0f49224de5d9886357775,-121.87729239463806,37.3426625921454,24.668197632
3a4f1c6eed8bd54668f9300dc876656b,-122.38996982574461,37.73629587217104,16.258802414
251e5569c29684642d8e0c8462446b87,-122.46314182877539,37.77948760924334,56.723567963
a33259544fdf29498c75150d70c4cbae,-122.39097297191618,37.73309280990925,26.344062805
ca5e6d6274db743fd9930b284eb903a9,-122.4116467,37.7737172,11.207322121
5cf229224ed4bd986fae2273573dbc6b,-122.42295295000075,37.77787007022392,21.164731979
459b3320afadd43ccb25acb82163c335,-122.45462179183959,37.777609310293336,87.685897827
b7d2d18241329be106efbcb2dd3fa13c,-121.86796635389327,37.3655356585599,27.281393051
e7f4f5e18462680f3ab507c2dbd889a7,-121.89971968531609,37.324125951150876,29.541690826
c9e4c1e83ef53fe6270ae6bda8ba1d8e,-121.9000107049942,37.309014074275915,36.069778442
84be6cf420cd87e93c445a72b0368b99,-122.26795077323914,37.809368612134854,6.008053303
7dd88dc392143af2bf399341cb327d01,-121.91947817802429,37.33802231313689,25.959453583
05c88a5c130147a66fe2745f53dacc37,-121.86652064323424,37.338468014146,28.234062195
4e4a339396983190a0ecaa5c61ddc18c,-122.279352,37.796248,3.261660337
bb29347739d341f12609902860d0f408,-121.90861791372298,37.333677122859896,26.884614944
c02f376ce247c2d13e7c83960210cddf,-122.43540108203887,37.788568914161615,50.805355072
9b4875d1e3afe31dbbc63bebf073d004,-122.40088641643523,37.77122901793374,4.029287815
07baaf6053a8f6bbd3820c137207c915,-122.47610360383989,37.78071988575564,45.376781464
0fac71620fa19bbcbe3224593ed06c3f,-122.44737446308135,37.781130551698666,85.271804810
5d6f80bbdf9b483b9e3a78830df93e19,-122.45864510536192,37.778486986397496,64.792434692
8744f3ffea155dd0b5e223031ace4513,-122.41088703274725,37.800496036682574,23.995073318
42bc17b335a9a5a1535de0e479de403b,-122.46763586997984,37.781840715520495,55.323143005
1d84d9515239d01be7d4431cc9ce5728,-121.89564406871794,37.338670604639425,24.743518829
ea61a83a34b04232f0247391ec3ae2e9,-122.2532529,37.8584732,78.074554443
73f8aa6ec3250de2a02cc0763f5a19eb,-121.88133180141449,37.37111641335901,23.652538300
7a10659bcb8e88d97a98531df0dcd2be,-122.43259012699126,37.79080303242391,74.989868164
6fde6bae495dbd16f6cacfe31de263c6,-122.40790843963623,37.77666378283064,5.367349148
dd90adb9ef523d88e8ffcc50c1bc2c47,-122.2871801,37.8361823,5.863156319
4e3d30015e2540b96ddcfc11dcc42643,-121.89966201782227,37.34759257443888,20.299501419
aca4a61933705a8f547227c4757e10cb,-121.89584255218504,37.35090179274617,18.743461609
5e99ac28f681fbc2c1b49ad2c41a525d,-122.45763659477234,37.76578298679633,88.777618408
63c1d64d1de2d99f101592fb22afa728,-121.9049111008644,37.326282324105776,30.535579681
14a97c92c9427a9c2b254f07ae442ddf,-121.88438951969147,37.343208488473465,23.017728806
4f4826a69b734f19e27008bfa1177585,-122.45244383811949,37.7258897887525,96.729232788
0d8525708edd96daf05c39b671e8889d,-122.46406316757202,37.76343361023245,90.207931519
df88c2e9c068b1f96081442b6cb639d9,-122.47065067291258,37.76393402521409,75.984626770
be51642c8a13488ee2d0f79cca2d6307,-122.39188492298126,37.75770404149008,12.587923050
2ce729f9d95e9007a9069c8e0d365511,-122.24745869636536,37.800459411713945,9.889123917
ca0d2445e913702b584e668333dfd3d4,-122.4653774499893,37.78243851977672,56.151767731
b897eab1a16516ea4c47640297cc4409,-122.450012,37.78068,76.885086060
0c7d51b231f5c05163176b80b5c825bf,-122.402087,37.804648,3.816177368
cbf173b581c32be79916dd0efa8472f0,-122.2674183,37.8335577,28.180604935
dab6dfd8dec75e57a81fde7f12d39510,-122.477667,37.785111,39.871154785
c859a624e28f1e670e9b7f8b2276c934,-122.492844,37.781722,62.409172058
1a4ced4bb87081c0a92db3f014c92d19,-122.423534989357,37.79762790889688,35.745132446
eace607a9b4ea4ea7b9fe0e5c17b04e7,-122.45342284440996,37.78657849953654,76.244766235
63816efc067878fdff9a0d2a38531268,-122.2896981239319,37.8539069616438,12.372985840
363a2381ec0d75a658698918d68d0edb,-122.405943,37.756808,21.278547287
a9af746a9f25302bc6e438d12b4171f2,-122.509071,37.772954,12.023629189
c6819c29250a339afc80c325c09cfaf2,-122.4306746,37.7632417,30.637994766
059af05c37addf83badc457996fe45eb,-121.8977018,37.3302641,26.199279785
a8ecd18d2c44ea14d8a396eba32c3fcc,-122.258732,37.8388,40.653713226
9be7e0050df8db9c65bee11853497d9c,-122.2693844139576,37.86012459911685,43.559494019
3f5c0437929a0f6dbc32f116850a4196,-122.27173805236816,37.8045623549303,13.095800400
a6b2ae23c98c47b86a9e84062ea5c3ee,-122.40595042705534,37.79801364395978,21.770055771
7ef616860128f1e359563871f977c210,-122.4506950378418,37.728281592452824,99.651824951
dbd21ac9ae9f5cd34c4980b4f103b550,-122.2629973,37.7976728,6.709709167
501383f10b2cb7bd652149a50b5418fc,-122.2914153,37.8107432,5.828117371
6c19c7f80a0d01e4aabf6f13d53c06fe,-122.394203,37.795392,3.189920902
1372941b523f4ca92d4bfee7ea85ac95,-122.255547,37.795913,9.546401978
e9d82f4d2f1525cc654976f3fdf7f45a,-122.26788640022278,37.816073115011406,10.336605072
02744ef00b430de0440ab88ecff71b2d,-122.27396965026855,37.795194764385954,4.394795895
f113253f2f20870c00c7f115d631304d,-122.2851712,37.8123315,5.517415047
08a97d1e8daf245e4fc7f5f3ab162213,-122.21239820122717,37.774152564302355,11.712539673
0d33649125be2d062ec29061a27f700e,-122.2329915,37.781123,10.891768456
d9f54ff90ab5ebf7383dd6a8541d48f1,-122.2487796,37.7927143,12.214901924
ca8eeb013a7c04731be820a3205b8347,-122.253842,37.794396,8.582006454
1756b8a7b00189ed5c04a3171959e3f7,-122.2782444,37.8160598,5.827638149
182f517a38db07df6b2fcc8ac0da3617,-122.24237322807312,37.79013985185364,13.390764236
ef1e16d2e298bfbc6724316dc9f2c3c8,-122.43455886840819,37.78381270927812,40.475910187
f18e0e4c80e5eb999f88608c3ebd3e90,-122.42156758904456,37.79416044174933,57.337360382
5d6369a9f895ab6203a6dcc3c0fca46d,-122.43576988577843,37.781981687527214,39.423065186
af277a4997575219024a717b9bade2e0,-122.4318042,37.764285,38.335456848
f1fd7bda2e0a3cf1900d275f24ff94ff,-122.4154425,37.7670373,5.662961006
e4057435753640b4855f792619c151dd,-122.418954,37.774814,16.261482239
26993f6ad0a30df7cc33bedb8efb5590,-122.395626,37.788032,8.115590096
794cb9426661fc4ba684c6a147f4ea92,-122.442878,37.783973,54.989540100
df3286fb70521afe8b7c68681e57f777,-122.456303,37.780949,67.200920105
632b45a2c2a023d1f96723878028518d,-122.40643188357353,37.77779057034257,4.386695862
6b13e6fa1252c733e32fdc7b13cba255,-122.498498,37.775522,54.762493134
222c002644107f260e59c8946fb6d383,-122.429772,37.734966,65.435928345
d77edd357a87177dcc4621ef883abb5d,-122.48797,37.779673,53.039756775
d97742ffbfb3863990d07359b7bdeb46,-122.2811926,37.8238474,7.389019489
68a14ad0d601717764086eb2d3c5f071,-122.25381016731262,37.800213566969795,3.318349361
3df46ea4730fd2f6a4f92007c9369299,-122.40844488143921,37.783899357084934,10.010143280
22041eb5ac70f045466f45b5f7c7cebd,-122.4073773622513,37.76328094058097,21.274787903
0e9c72c9b1ad40895bce8ca0c30b5fae,-122.410807,37.7604469,9.086338997
fdfed17363937bd17e69bb5f32b67257,-122.44380980730057,37.72238229348268,57.294849396
a8473b935036a67569f58bc142608de6,-122.43289589881897,37.73017446887281,37.608852386
8b0eb4e5f5c108a52011cb111fb4c008,-122.38952457904814,37.73890064447666,8.260456085
c75e0c6b2fcb7c59d7c812600d5858f5,-122.398198,37.766594,4.777473450
6d41d45711456aef7f31b60c4f9d2fa1,-122.4066435,37.7802645,6.496419907
66f097190aabf98d9637e274b9d12265,-122.494064,37.775681,63.191566467
8c6c32e76ed11f76a547517979e5a5e6,-122.4827855,37.7819295,40.813724518
27c3e9e59901b5ef2bc26957ec7f3951,-122.4244135,37.8023,29.296209335
713585c7fcbdca5115f70c1af67663a8,-122.449228,37.765942,93.558952332
af18ee4922a37e2285a08671590d140e,-122.399749,37.7864555,8.067296028
7071418d19cad4ca32c3343afb0da740,-122.4199265,37.7646845,10.487842560
736fc2875818c9c987f51ec384edf384,-122.4220555,37.763333,14.827863693
707f7090c1a175cd64f234c9ae512ec1,-122.3944985,37.7370395,18.146291733
39ee44ea71e662e83149eae893414fe6,-122.439361,37.784419,42.970787048
2d5b0e85ca198e366bd3fd61f459b981,-122.3834355,37.740048,6.899792671
bfa38a76bddc6582afb8464350f47c61,-122.3912365,37.7703135,3.370931387
b5191acf6c3d6a359cfec040ebe89bf7,-122.420359,37.768227,8.494674683
19f34b48933b42de614327cee335bc6f,-122.4266585,37.7661,21.617095947
4fa77307be791fef2d10d4d831f88415,-122.419976,37.772219,11.262808800
586c5cb8082289a2f53eab0d1a2dbf4a,-122.4120835,37.750945,17.162668228
fff91ff985e5954b8b94e603a44db763,-122.391038,37.7914015,3.450005293
f7d2be8a428dc633c63ee68f69424754,-122.3881105,37.787332,3.262988806
e9946e14a1f7f45c1e0ebe5b542c6e24,-122.433523,37.8044325,6.598080635
101f0875b692a1f552e86de5c0a917f1,-122.446649,37.774804,72.882492065
a799975c42155f6b266b5d32586aaa97,-122.387449,37.7603435,10.146264076
d46af557385e4a2286fdc3640f7d48a2,-122.407054,37.769263,4.946844101
f3610d0f5ffae773c0fa96f65b8d409d,-122.4360635,37.8026635,7.484985828
0b48b03d8342258399d9bced9a3ae503,-122.4269645,37.769244,36.589790344
f70db66502b4796997b8bba176c51dd0,-122.4291485,37.769818,36.827056885
a88bf5305774cc6c645ab2d1822fcd8e,-122.440683,37.7895875,64.643341064
9d87d3a0de545c12ed881712d64dad99,-122.4500525,37.7866115,83.983673096
2d86525ef086c2daeeb2251288a12f4b,-122.4055145,37.753259,16.783035278
89c279924b0a3ab2d27e3467fed4c212,-122.458104,37.775328,71.008964539
f3005d50220aa753c49f411e3b76e170,-122.4046885,37.795402,11.036341667
0fdcfff2f1478e0e5a30f3e314103cea,-122.402855,37.7942465,5.222411156
4dcfbaca6724925e3c8954925922392e,-122.3948805,37.794525,3.066541672
d3c1dff282d36fbf963709c8b91b0036,-122.422301,37.77168,15.303029060
4483551f97cfd276503daebebdd3aaa5,-122.4358575,37.772354,52.845066071
aa0e5a1dd757b3c3bf56a453d2991fd4,-122.4100475,37.759162,9.984467506
f7897e831ad97c2fa5840e08da6bfaeb,-122.392553,37.7785885,6.358858109
6332163be54553da8f095c4fb801c725,-122.394495,37.7763115,3.544921160
7952c04aad8b091ffb0455792174bf01,-122.3988045,37.730079,18.170482635
e7e40470c749afdcf9f32d8097472c0a,-122.4089225,37.785876,17.771051407
070137572879ff5807c0b7092e81cfac,-122.3990255,37.764965,7.035564423
34fc2deb07ec971cc936deebee9d6435,-122.3947595,37.764794,8.724713326
3fc45088ab7916d9c0dde2a509a40958,-122.410349,37.7645435,18.791782379
9e7245a7f1c5faae54bc2b3a62cc2f6e,-122.420141,37.7648385,10.757074356
4f4bfedc91a9c50b39029c95017786ab,-122.418409,37.7813455,22.939342499
36a236e6b9604e51e8d5fd525775d7c0,-122.4728095,37.780364,52.148605347
bb693a5b9de4a21a17519b20070bff77,-122.464998,37.7751205,68.692535400
52f32ae1f330ff50af83895a28ba2215,-122.2801923,37.8098236,8.757801056
7f4a909e098fb6397beb2a26d0f8661c,-122.399998,37.773238,3.197895288
0cf18ec4823b9cdecff532d3bdd14928,-122.442326,37.770519,85.754768372
4cd2b4bfdb2c468ec1fe6574fb2ffaa0,-122.478859,37.72095,40.663208008
4e07771716c0d80c636ae4877dd497a3,-122.482735,37.722001,31.672143936
5289ffec013e1219c33bd45627d6cc15,-122.476163,37.731085,60.979103088
17468bb5d5f9880c081fd67d02762c04,-122.511208,37.775211,8.161309242
f8a8b70e16e4e36c77cab3d32886e671,-122.440105676651,37.71616094545787,62.494518280
43f0ae83504f3d5f0a3866f86f7981fd,-122.393378,37.783176,17.396036148
7355d2865f4ab7430c4fccf859e70d74,-122.2492512,37.808715,3.419053078
cfbb2ba08c176b405de47c1aefc5417a,-122.480383,37.7799345,43.634841919
acc0686d1655e283c3fd8e56bf11dbb1,-122.3962173,37.7851994,16.990541458
fdf5f4679be9ae94f860552ca46a2648,-122.411926,37.7840775,15.069141388
81743daa45d7537f3516399929314c40,-122.42189,37.765429,14.022657394
7d3b620f6bcf01c82cbcc4d38dcb9af2,-122.2587857,37.8689109,82.693557739
c917d243667759fcfcd40ad6e5f094e3,-122.420215,37.7476755,23.313194275
0352198bb64490fc09c2d7bfd2604bcd,-122.39871607983103,37.78646613354221,8.232342720
c6e8c3120ecdec6385cc3ae4a8350d9b,-122.400808,37.7896195,8.650576591
61899ad7362b9fd85580c8a4b01512f8,-122.3938751220703,37.790296440371655,3.735723734
ad26540e1125e68ab4879dc6fae3af6d,-121.89225107431412,37.355692651246365,19.784263611
65134e1e5e8d3b200c458d533e7d544c,-122.4132756,37.8027671,9.208211899
3841fc554143a337540447bec2f0fdb5,-121.8876188993454,37.349426308788004,21.238609314
0267ea932e83058a086f124bb3201e01,-122.4154585,37.770282,6.664239883
8062a6539108d66e12358da13f13edeb,-122.43406206015258,37.7692231,51.924968719
48ba123e5a33a970f0997479f9794db3,-122.40423738710535,37.7685449,4.312483311
4f47b8bd185f009310de3cfb7485fa33,-122.262654,37.83575,34.831558228
b46fb6a16744722ffa62b1ce67e39c24,-122.267656,37.837369,29.725673676
a7b644324531b20df09bb1f1199b560d,-122.4027281,37.7807382,4.608277321
d66319981ad69928f023203bb7187706,-122.4425712,37.7735622,66.102142334
c5e47b7f70b288a5380083f24ea161fb,-122.26914636790752,37.802688402040665,12.664867401
4083ecaf02c77e52e231c6b0722799bd,-122.40927904844284,37.80717108096738,3.352386236
603633a3090a33202ead9a738b2769d2,-122.427457,37.797249,32.979026794
b1ac1179990a85f48f10858c0c955f25,-122.463774,37.7587,109.491271973
a05fe47c9fd8c5a7b7a26dd493c432e7,-122.411536,37.806929,3.995254278
2a8959c3baaa195b792c530d7f9dd6e5,-122.42313,37.805442,19.333053589
a5bd8d2ff1e04067ac03bc476dc774e6,-122.419074,37.760278,12.568089485
53c34886b92d0727ee65c8fd129c34bb,-122.4472364,37.7228179,70.022041321
5f9edd66e1542839db53015eca6c8a07,-122.405234,37.7861375,12.908145905
b883d49e7f389097a81bf73b17acc46c,-122.41670072078705,37.78709359600294,42.456104279
fda7185b4c97e338faf660d39aa119cb,-122.2601554,37.8753207,96.669136047
7e5268ba3d954970d713adc1dc286182,-122.442203,37.782574,63.114902496
c91d4150a09e136d5cca66643c9f936d,-122.4017154,37.8020552,4.270393372
68d800de7c6b093ac2340d6bab986410,-122.3914651,37.7822586,9.861299515
ef28178bdcbbd76da0a630ecba6555a5,-122.2525406,37.8494355,62.427230835
7f25a5477bd79f776a9078c30f768517,-122.29461686454057,37.8051895,4.582742691
fd03c3ceeecfe485dd0cdd8ef72f8e69,-122.42224826223539,37.7690102,13.409266472
ded85e8cd7b30115d3ffec9b0777fb50,-122.26597130298616,37.82246767714513,17.440813065
c6056f5b51537a2dfd4bf1538444e335,-121.88078,37.324414,31.864873886
0ceed296dc7ef21bc6dc3999e23db576,-121.8766132,37.3364659,27.198564529
398065f9acb4e27da84e4e78ed3de99c,-122.437261,37.805376,4.027806282
0167c2413c3487d67d1dd7d906389959,-122.41552403555308,37.7637348,6.239395618
625d6b7f33c6aec660a79f1afeaf3c30,-122.3999862,37.7811944,4.751778126
981f5cc5c2c79e96e101c3c20cd56213,-122.4181591,37.7788325,18.976009369
1a53a1426ed4935f80f5865b7d2d676e,-122.4159632,37.778799,17.796760559
d0a123ad15c1a36560424772600f87dc,-122.3922705,37.722601,6.306178093
4a3745a8d75f6261405f5e9a1b5e8f0c,-121.8636494,37.3398531,28.791429520
4a766283f8c81155d42781201794fc18,-122.42578603327274,37.80028668467315,24.126266479
5edf73914cb05d5a4ba7f03cc573a2e5,-122.4233016371727,37.792979854977766,62.964233398
e7383e730f9fa46419cd5e84fcea3a88,-122.2663493,37.8285951,24.311227798
74eca875c15c9468d4dbcece710bc596,-121.88693761825562,37.33116799422201,28.235557556
78af524c0f2ab327bf75ca1bee9d1e08,-122.40032913185132,37.767256698389865,4.590187073
700a9ce7584edef750fd2f8481a9c802,-122.420053,37.7870025,40.375873566
b04f626c4d402aefbecd84d326e5fd55,-122.3914274,37.7737524,3.356133938
5f212a36c28e610e4e579916b4000dfb,-122.4036272,37.7971765,11.865938187
168084f0f6ef878a07cb0049fd00f52a,-122.3908972,37.764783,5.725066662
59d793b5df7d636956033d6eea577230,-122.429315,37.791966,102.344314575
b815170d0444b1b5cc5f6746d98c31f3,-122.4474145,37.7981975,19.171281815
8abfd40237f50ff2362082bfe32d8edf,-122.438812,37.788048,50.772136688
af494e5a9e2088b870da22baaaf0e15b,-122.3911087,37.768872,4.469365597
b98c3de69eaf29844c9732daec3d6ff2,-122.4339496,37.750506,63.011108398
51210c5c24903a6525cdfaec38109ec9,-122.4556884,37.7965927,15.658995628
fc34cbf70e34346806c43b6579117bc0,-122.452599,37.799676,16.929969788
df9c9c79952699cc041118a331ea9cc2,-122.4432384967804,37.72489268384971,55.075557709
5dc0d98ea835b4c9743d4e2cdd515dde,-122.479462,37.726266,39.895195007
97871d03b345e3aa1de1dbed3640b700,-122.476561,37.725603,44.708961487
e427fa5d07c952f21297dbd9c7693407,-122.455102,37.723426,90.280525208
1a71ef24deb93ea8024083bb3f0ed6c2,-122.4354739,37.7273951,45.191940308
9e198bfb3768336d1059c0b7dc3551fd,-122.395282,37.776598,3.764223576
3b21c47a7d6413799ea24aa253b39afe,-122.4139142,37.7744791,13.792327881
9c81093a3f86e1cc41f46b1838f6393e,-122.47949242628238,37.76352708498452,67.482925415
9b0277ca0bdb11f026046354302f18f8,-122.48355373749291,37.76344319627197,63.839027405
9b2224a1373751614a6294525f64a9b5,-122.25346968515623,37.825785004382006,30.326953888
daa8d15a7ecea64fbabdca15956a2f20,-122.27292420364392,37.82268385945021,13.186485291
b949f871161f40eb2949854a85a0472a,-121.89299941062927,37.31975695999228,30.362411499
d671d6957e264a7b085310cc05298930,-122.40269154310225,37.77583378631289,3.555684805
6e78a70d9191e84c4e42094f11cc1a03,-122.44272915651891,37.79917511263459,9.223240852
f6c781054ead7bb20ebc00b4c71df148,-121.87161205351002,37.36508806048156,25.969697952
338a6ebbd36aadefe8e02fe32c0cbad0,-122.3988357,37.7930958,3.953932762
db74e777cff989d3092874407066be1b,-122.40548387640955,37.78970984996185,19.097412109
1ec14f81aa8ab53a816605d7b4e95718,-122.4039235,37.7724385,4.905660152
673e986859c497d19910fb855d883df7,-122.27718830108643,37.82352279021405,9.990290642
a1e040b32aa8e99ec1bf2f45df9f21e9,-122.3866885,37.7717667,2.941448927
2c100d9e4d0c938b6ad09e600ca47359,-122.2605061,37.8114831,4.396777630
8d7a98f0ca21bd4480ed0f4ef325deb7,-122.44430475172521,37.730655429236556,68.802032471
30e0fcdd9de72e8344b6289760bb788b,-122.38654196262358,37.75016713801581,4.418032169
37b6933a84b09d2210c7d8e02b0ca24f,-122.455079,37.803968,3.222303391
6031193f19bd40cf2b23f30885bac302,-122.4563633604339,37.801750101596625,14.734326363
b8644a87f64a3672609640fee7a2adc2,-122.393954,37.725372,6.209259033
f69e56899850a97f22c2c773f7f298bd,-122.26857304573059,37.81258108581741,6.983997345
7201ad6fe2a1e03ff9ea5749d84c354d,-122.27049618959427,37.80303013575619,13.059614182
1feac469cb3c80737bac815a7a5ebabc,-122.3922550678253,37.78899099599619,5.749517441
3ed879a85fa1fb4c29cb8fae8aaf6ea2,-122.38633275032042,37.76909488728109,3.476586342
e39f47e22d92b577730c9775a91ada5f,-122.26043654610294,37.824892529951114,22.937074661
dc67baf6606c0c454dcc83620d2c2c68,-122.4450687,37.7892792,81.334465027
1edf61345559602d4fdbe99ff0435d6d,-122.26160466670989,37.85760774739988,57.322677612
bb24af92bc9bac069a94fdfb41416cfb,-122.44534134864807,37.771134537078765,77.712379456
7bdc5767ed0d5584df3a881a0f14d8f4,-122.38660231232642,37.742075235944235,4.404974937
4abc42e82f8ded5c57afb682b7cdb3d7,-122.41349816322328,37.7688065330825,5.566036701
c00825d99ce3a531a80181f00591df1d,-122.2811258,37.8356703,13.720955849
808403b6d452824362356cade06f780c,-122.419342,37.785479,37.169372559
9cd844a2550061d3844a92096a4d813c,-122.3918085,37.787963,5.599083424
b6711ddae98be23ce743e6d9639a906a,-122.39300568626935,37.77599270441184,3.382970572
afbe353b9aed12eef5acb85e441d69d1,-122.263693665756,37.833538871616035,31.629709244
d9de41e1c87470529dcbb1b43bd76eaf,-122.2860187,37.8063553,7.215434074
99889922f5848c7ca3e2c2f740cebd9f,-122.4785927,37.7543047,105.281082153
9988c535057533619fdb58b42055c6fa,-122.4840403,37.7540396,95.411560059
0f792274b026e9a847cfef3872a3fa00,-122.4883438,37.7539295,83.900398254
813512459d9c9f8a7291e00a9c46e467,-122.4953893,37.7628993,46.820671082
a8ad4be2133b3245c07419ddb7684eb7,-122.5007785,37.7626492,30.013677597
c3288c5dc8fec444070c4aeb739f23e8,-122.4951291,37.7589001,59.288307190
ba68e968feece64c5ae1449160642bd1,-122.509526,37.763874,7.976197243
2e1a346200097628f0f01d08478a319d,-122.504261,37.752809,15.451322556
91bba2bf0246d6623c164d42c47736e4,-122.4753742486682,37.763721184118076,72.793197632
df10df40d6e917dc5950502045c2c6d8,-122.50255097589334,37.75699964338489,27.389089584
2d86977182197367c646152cca0e821a,-122.5085402813285,37.75300468614256,7.635895729
9a18b71be61bcec4e11553e09ff2911e,-122.49855753927035,37.751471937685125,33.991699219
9acfb5cd8e156f410d3463f9a42afc72,-122.41579377360823,37.80445377683579,7.581482410
a7154dfcba68b868867b64a11d8a7a56,-122.38908866713396,37.74058873182711,4.715359688
cd7a5ce186d9176b083cd322482ef36d,-122.49560004673242,37.75173717215301,49.417545319
3d313d16cad18a25bd406bfaef335b65,-122.40185,37.774256,4.089138508
2fcc4197d2f7cdce6cececa4496ec514,-122.390002088434,37.78384421884662,4.232688427
366a420aef7c94bd8bcbe1e6557d2f1e,-122.4318015575409,37.785359635574224,41.690269470
c0a9bd7193ca3e9de37807ec58cc08d8,-122.40019999757254,37.7824146203997,5.936095238
e11fc22c0e5448c0c115dfeca7a6f506,-122.39312995744227,37.78235803304849,14.378520966
456bf3370b191fab5745567356a8423f,-122.4231805,37.7423139,34.606525421
f90fd0c728ade1a5f3ca0327f3f7eccb,-121.86856960181206,37.346480293729044,27.610467911
c8eb138910e36025b0efee10ac872b06,-122.42564865054452,37.75488391783665,37.690563202
d2ecf05eb79484709ace4023669702f9,-122.43700156402238,37.77973791566897,47.787841797
0129b835b33f6afca778ebfb90453aad,-122.42190607010215,37.780805727779445,26.450765610
ca8bbd40ae8b3beb63c5cc63a1c73a0f,-122.2597949,37.8559558,59.037826538
3649abee4c69d3d77dde28e45178e28a,-122.41489757374517,37.80330737378947,9.142886162
936e00689968a8d14dc94153aa959f3f,-122.39033527452119,37.7896297,3.853391647
a861792de6f7790503849a5227a1f8c6,-122.412544,37.758862,9.424383163
66d26936d43ac2f677f522354e3ef5a5,-122.4130036,37.7638471,6.934546471
018bfeb8a511bb60ffbb0cab866667ab,-122.4673775,37.7642245,79.838859558
4e1430cadb362b419ab9c7b98552dc47,-122.4339891,37.7974387,23.110521317
70369211f292150a6b4ee0dca590e273,-122.4367975,37.759211,49.708255768
95814ccce398155f5f015f98691997e8,-122.4262025,37.7762475,23.889171600
8bcaedd0aae11bc0ca98eaddb741e0c0,-122.28298832384976,37.8738556998122,33.176834106
fa32d245becfeba6d7b6034133e59d95,-122.4189799743526,37.75199174291808,23.372478485
ad6ea721fdfd2adb019b94851cd867fb,-122.471357,37.773587,69.863670349
d1e2c9dcb40601ed84bb807ed68dd855,-122.47198741577117,37.78244163642955,51.632545471
a8f100ba778a83e476dfe8d534b9b84f,-122.42656908597016,37.77756936716073,24.738212585
e27d0571f6c72cbccd366407f81ec2c9,-122.42715750770117,37.77344259318636,49.912658691
b7988dd90281c6ada0a09909480e8413,-122.413668,37.805454,4.526082516
8e711e8b90789c76e17e55c44e975fc1,-122.4117382,37.7810737,13.258044243
db937467876feef9bb1695c3ea31779c,-122.39997,37.795001,3.813334227
5fa855c2c331a45b50d352a9d974d13c,-122.40735858678818,37.767078504583665,11.348905563
9f8be529b2440f9bb6bd631df34da61d,-122.46593131805308,37.77290764129927,73.180999756
1c1e81258c2a201450e8dcf8d2b749d0,-122.5004981,37.76486899,27.959615707
56d0385bcfa455f8eaca562d8ba18ac3,-122.5105938991249,37.770478954997095,8.836195946
fa1ea329b95e7733d38b7a6aab8e23d6,-122.45828202004182,37.77169999448369,74.926872253
477ed47b789459eda3a3ee2597c74f4d,-122.46421122480089,37.7666140891107,76.748786926
d2ac19a2bb356f022983008bcd6ca5e1,-122.5018675,37.76781983,24.829158783
db8d54f6cc7dcbbf1d74783000539749,-122.4771164,37.77093751,84.925842285
6aba782b9e02d7ae351e6e9f81a7c330,-122.459429,37.76872962,76.045532227
1b3d97eca9393abbf229aef9b3f80fda,-122.3898859765855,37.731921207892626,26.973791122
051b0abcc6ba494a27fc5ee5b0f8acf7,-122.45196695803196,37.768384314385024,82.717948914
